,0,1,2
0,14HR05-0504S,14HR05-0504S,14HR05-0504S
1,14HR05-0504S,14HR05-0504S,14HR08-0654S
2,14HR05-0504S,14HR05-0504S,14HM08-0504S
3,14HR05-0504S,14HR05-0504S,14HM11-0404S
4,14HR05-0504S,14HR05-0504S,16HM09-1204S
5,14HR05-0504S,14HR05-0504S,16HM10-0604S
6,14HR05-0504S,14HR05-0504S,16HM13-0404S
7,14HR05-0504S,14HR05-0504S,16HM17-0304S
8,14HR05-0504S,14HR05-0504S,17HM08-1204S
9,14HR05-0504S,14HR05-0504S,17HM13-0316D
10,14HR05-0504S,14HR05-0504S,17HM13-0316S
11,14HR05-0504S,14HR05-0504S,17HM15-0406S
12,14HR05-0504S,14HR05-0504S,17HM15-0904S
13,14HR05-0504S,14HR05-0504S,17HM15-1004S
14,14HR05-0504S,14HR05-0504S,17ME15-1504S
15,14HR05-0504S,14HR05-0504S,17HM19-0406D
16,14HR05-0504S,14HR05-0504S,17HM19-1684S
17,14HR05-0504S,14HR05-0504S,17HM19-1684D
18,14HR05-0504S,14HR05-0504S,17HM19-2004S
19,14HR05-0504S,14HR05-0504S,17HM19-2004S1
20,14HR05-0504S,14HR05-0504S,23HM22-2804S
21,14HR05-0504S,14HR08-0654S,14HR05-0504S
22,14HR05-0504S,14HR08-0654S,14HR08-0654S
23,14HR05-0504S,14HR08-0654S,14HM08-0504S
24,14HR05-0504S,14HR08-0654S,14HM11-0404S
25,14HR05-0504S,14HR08-0654S,16HM09-1204S
26,14HR05-0504S,14HR08-0654S,16HM10-0604S
27,14HR05-0504S,14HR08-0654S,16HM13-0404S
28,14HR05-0504S,14HR08-0654S,16HM17-0304S
29,14HR05-0504S,14HR08-0654S,17HM08-1204S
30,14HR05-0504S,14HR08-0654S,17HM13-0316D
31,14HR05-0504S,14HR08-0654S,17HM13-0316S
32,14HR05-0504S,14HR08-0654S,17HM15-0406S
33,14HR05-0504S,14HR08-0654S,17HM15-0904S
34,14HR05-0504S,14HR08-0654S,17HM15-1004S
35,14HR05-0504S,14HR08-0654S,17ME15-1504S
36,14HR05-0504S,14HR08-0654S,17HM19-0406D
37,14HR05-0504S,14HR08-0654S,17HM19-1684S
38,14HR05-0504S,14HR08-0654S,17HM19-1684D
39,14HR05-0504S,14HR08-0654S,17HM19-2004S
40,14HR05-0504S,14HR08-0654S,17HM19-2004S1
41,14HR05-0504S,14HR08-0654S,23HM22-2804S
42,14HR05-0504S,14HM08-0504S,14HR05-0504S
43,14HR05-0504S,14HM08-0504S,14HR08-0654S
44,14HR05-0504S,14HM08-0504S,14HM08-0504S
45,14HR05-0504S,14HM08-0504S,14HM11-0404S
46,14HR05-0504S,14HM08-0504S,16HM09-1204S
47,14HR05-0504S,14HM08-0504S,16HM10-0604S
48,14HR05-0504S,14HM08-0504S,16HM13-0404S
49,14HR05-0504S,14HM08-0504S,16HM17-0304S
50,14HR05-0504S,14HM08-0504S,17HM08-1204S
51,14HR05-0504S,14HM08-0504S,17HM13-0316D
52,14HR05-0504S,14HM08-0504S,17HM13-0316S
53,14HR05-0504S,14HM08-0504S,17HM15-0406S
54,14HR05-0504S,14HM08-0504S,17HM15-0904S
55,14HR05-0504S,14HM08-0504S,17HM15-1004S
56,14HR05-0504S,14HM08-0504S,17ME15-1504S
57,14HR05-0504S,14HM08-0504S,17HM19-0406D
58,14HR05-0504S,14HM08-0504S,17HM19-1684S
59,14HR05-0504S,14HM08-0504S,17HM19-1684D
60,14HR05-0504S,14HM08-0504S,17HM19-2004S
61,14HR05-0504S,14HM08-0504S,17HM19-2004S1
62,14HR05-0504S,14HM08-0504S,23HM22-2804S
63,14HR05-0504S,14HM11-0404S,14HR05-0504S
64,14HR05-0504S,14HM11-0404S,14HR08-0654S
65,14HR05-0504S,14HM11-0404S,14HM08-0504S
66,14HR05-0504S,14HM11-0404S,14HM11-0404S
67,14HR05-0504S,14HM11-0404S,16HM09-1204S
68,14HR05-0504S,14HM11-0404S,16HM10-0604S
69,14HR05-0504S,14HM11-0404S,16HM13-0404S
70,14HR05-0504S,14HM11-0404S,16HM17-0304S
71,14HR05-0504S,14HM11-0404S,17HM08-1204S
72,14HR05-0504S,14HM11-0404S,17HM13-0316D
73,14HR05-0504S,14HM11-0404S,17HM13-0316S
74,14HR05-0504S,14HM11-0404S,17HM15-0406S
75,14HR05-0504S,14HM11-0404S,17HM15-0904S
76,14HR05-0504S,14HM11-0404S,17HM15-1004S
77,14HR05-0504S,14HM11-0404S,17ME15-1504S
78,14HR05-0504S,14HM11-0404S,17HM19-0406D
79,14HR05-0504S,14HM11-0404S,17HM19-1684S
80,14HR05-0504S,14HM11-0404S,17HM19-1684D
81,14HR05-0504S,14HM11-0404S,17HM19-2004S
82,14HR05-0504S,14HM11-0404S,17HM19-2004S1
83,14HR05-0504S,14HM11-0404S,23HM22-2804S
84,14HR05-0504S,16HM09-1204S,14HR05-0504S
85,14HR05-0504S,16HM09-1204S,14HR08-0654S
86,14HR05-0504S,16HM09-1204S,14HM08-0504S
87,14HR05-0504S,16HM09-1204S,14HM11-0404S
88,14HR05-0504S,16HM09-1204S,16HM09-1204S
89,14HR05-0504S,16HM09-1204S,16HM10-0604S
90,14HR05-0504S,16HM09-1204S,16HM13-0404S
91,14HR05-0504S,16HM09-1204S,16HM17-0304S
92,14HR05-0504S,16HM09-1204S,17HM08-1204S
93,14HR05-0504S,16HM09-1204S,17HM13-0316D
94,14HR05-0504S,16HM09-1204S,17HM13-0316S
95,14HR05-0504S,16HM09-1204S,17HM15-0406S
96,14HR05-0504S,16HM09-1204S,17HM15-0904S
97,14HR05-0504S,16HM09-1204S,17HM15-1004S
98,14HR05-0504S,16HM09-1204S,17ME15-1504S
99,14HR05-0504S,16HM09-1204S,17HM19-0406D
100,14HR05-0504S,16HM09-1204S,17HM19-1684S
101,14HR05-0504S,16HM09-1204S,17HM19-1684D
102,14HR05-0504S,16HM09-1204S,17HM19-2004S
103,14HR05-0504S,16HM09-1204S,17HM19-2004S1
104,14HR05-0504S,16HM09-1204S,23HM22-2804S
105,14HR05-0504S,16HM10-0604S,14HR05-0504S
106,14HR05-0504S,16HM10-0604S,14HR08-0654S
107,14HR05-0504S,16HM10-0604S,14HM08-0504S
108,14HR05-0504S,16HM10-0604S,14HM11-0404S
109,14HR05-0504S,16HM10-0604S,16HM09-1204S
110,14HR05-0504S,16HM10-0604S,16HM10-0604S
111,14HR05-0504S,16HM10-0604S,16HM13-0404S
112,14HR05-0504S,16HM10-0604S,16HM17-0304S
113,14HR05-0504S,16HM10-0604S,17HM08-1204S
114,14HR05-0504S,16HM10-0604S,17HM13-0316D
115,14HR05-0504S,16HM10-0604S,17HM13-0316S
116,14HR05-0504S,16HM10-0604S,17HM15-0406S
117,14HR05-0504S,16HM10-0604S,17HM15-0904S
118,14HR05-0504S,16HM10-0604S,17HM15-1004S
119,14HR05-0504S,16HM10-0604S,17ME15-1504S
120,14HR05-0504S,16HM10-0604S,17HM19-0406D
121,14HR05-0504S,16HM10-0604S,17HM19-1684S
122,14HR05-0504S,16HM10-0604S,17HM19-1684D
123,14HR05-0504S,16HM10-0604S,17HM19-2004S
124,14HR05-0504S,16HM10-0604S,17HM19-2004S1
125,14HR05-0504S,16HM10-0604S,23HM22-2804S
126,14HR05-0504S,16HM13-0404S,14HR05-0504S
127,14HR05-0504S,16HM13-0404S,14HR08-0654S
128,14HR05-0504S,16HM13-0404S,14HM08-0504S
129,14HR05-0504S,16HM13-0404S,14HM11-0404S
130,14HR05-0504S,16HM13-0404S,16HM09-1204S
131,14HR05-0504S,16HM13-0404S,16HM10-0604S
132,14HR05-0504S,16HM13-0404S,16HM13-0404S
133,14HR05-0504S,16HM13-0404S,16HM17-0304S
134,14HR05-0504S,16HM13-0404S,17HM08-1204S
135,14HR05-0504S,16HM13-0404S,17HM13-0316D
136,14HR05-0504S,16HM13-0404S,17HM13-0316S
137,14HR05-0504S,16HM13-0404S,17HM15-0406S
138,14HR05-0504S,16HM13-0404S,17HM15-0904S
139,14HR05-0504S,16HM13-0404S,17HM15-1004S
140,14HR05-0504S,16HM13-0404S,17ME15-1504S
141,14HR05-0504S,16HM13-0404S,17HM19-0406D
142,14HR05-0504S,16HM13-0404S,17HM19-1684S
143,14HR05-0504S,16HM13-0404S,17HM19-1684D
144,14HR05-0504S,16HM13-0404S,17HM19-2004S
145,14HR05-0504S,16HM13-0404S,17HM19-2004S1
146,14HR05-0504S,16HM13-0404S,23HM22-2804S
147,14HR05-0504S,16HM17-0304S,14HR05-0504S
148,14HR05-0504S,16HM17-0304S,14HR08-0654S
149,14HR05-0504S,16HM17-0304S,14HM08-0504S
150,14HR05-0504S,16HM17-0304S,14HM11-0404S
151,14HR05-0504S,16HM17-0304S,16HM09-1204S
152,14HR05-0504S,16HM17-0304S,16HM10-0604S
153,14HR05-0504S,16HM17-0304S,16HM13-0404S
154,14HR05-0504S,16HM17-0304S,16HM17-0304S
155,14HR05-0504S,16HM17-0304S,17HM08-1204S
156,14HR05-0504S,16HM17-0304S,17HM13-0316D
157,14HR05-0504S,16HM17-0304S,17HM13-0316S
158,14HR05-0504S,16HM17-0304S,17HM15-0406S
159,14HR05-0504S,16HM17-0304S,17HM15-0904S
160,14HR05-0504S,16HM17-0304S,17HM15-1004S
161,14HR05-0504S,16HM17-0304S,17ME15-1504S
162,14HR05-0504S,16HM17-0304S,17HM19-0406D
163,14HR05-0504S,16HM17-0304S,17HM19-1684S
164,14HR05-0504S,16HM17-0304S,17HM19-1684D
165,14HR05-0504S,16HM17-0304S,17HM19-2004S
166,14HR05-0504S,16HM17-0304S,17HM19-2004S1
167,14HR05-0504S,16HM17-0304S,23HM22-2804S
168,14HR05-0504S,17HM08-1204S,14HR05-0504S
169,14HR05-0504S,17HM08-1204S,14HR08-0654S
170,14HR05-0504S,17HM08-1204S,14HM08-0504S
171,14HR05-0504S,17HM08-1204S,14HM11-0404S
172,14HR05-0504S,17HM08-1204S,16HM09-1204S
173,14HR05-0504S,17HM08-1204S,16HM10-0604S
174,14HR05-0504S,17HM08-1204S,16HM13-0404S
175,14HR05-0504S,17HM08-1204S,16HM17-0304S
176,14HR05-0504S,17HM08-1204S,17HM08-1204S
177,14HR05-0504S,17HM08-1204S,17HM13-0316D
178,14HR05-0504S,17HM08-1204S,17HM13-0316S
179,14HR05-0504S,17HM08-1204S,17HM15-0406S
180,14HR05-0504S,17HM08-1204S,17HM15-0904S
181,14HR05-0504S,17HM08-1204S,17HM15-1004S
182,14HR05-0504S,17HM08-1204S,17ME15-1504S
183,14HR05-0504S,17HM08-1204S,17HM19-0406D
184,14HR05-0504S,17HM08-1204S,17HM19-1684S
185,14HR05-0504S,17HM08-1204S,17HM19-1684D
186,14HR05-0504S,17HM08-1204S,17HM19-2004S
187,14HR05-0504S,17HM08-1204S,17HM19-2004S1
188,14HR05-0504S,17HM08-1204S,23HM22-2804S
189,14HR05-0504S,17HM13-0316D,14HR05-0504S
190,14HR05-0504S,17HM13-0316D,14HR08-0654S
191,14HR05-0504S,17HM13-0316D,14HM08-0504S
192,14HR05-0504S,17HM13-0316D,14HM11-0404S
193,14HR05-0504S,17HM13-0316D,16HM09-1204S
194,14HR05-0504S,17HM13-0316D,16HM10-0604S
195,14HR05-0504S,17HM13-0316D,16HM13-0404S
196,14HR05-0504S,17HM13-0316D,16HM17-0304S
197,14HR05-0504S,17HM13-0316D,17HM08-1204S
198,14HR05-0504S,17HM13-0316D,17HM13-0316D
199,14HR05-0504S,17HM13-0316D,17HM13-0316S
200,14HR05-0504S,17HM13-0316D,17HM15-0406S
201,14HR05-0504S,17HM13-0316D,17HM15-0904S
202,14HR05-0504S,17HM13-0316D,17HM15-1004S
203,14HR05-0504S,17HM13-0316D,17ME15-1504S
204,14HR05-0504S,17HM13-0316D,17HM19-0406D
205,14HR05-0504S,17HM13-0316D,17HM19-1684S
206,14HR05-0504S,17HM13-0316D,17HM19-1684D
207,14HR05-0504S,17HM13-0316D,17HM19-2004S
208,14HR05-0504S,17HM13-0316D,17HM19-2004S1
209,14HR05-0504S,17HM13-0316D,23HM22-2804S
210,14HR05-0504S,17HM13-0316S,14HR05-0504S
211,14HR05-0504S,17HM13-0316S,14HR08-0654S
212,14HR05-0504S,17HM13-0316S,14HM08-0504S
213,14HR05-0504S,17HM13-0316S,14HM11-0404S
214,14HR05-0504S,17HM13-0316S,16HM09-1204S
215,14HR05-0504S,17HM13-0316S,16HM10-0604S
216,14HR05-0504S,17HM13-0316S,16HM13-0404S
217,14HR05-0504S,17HM13-0316S,16HM17-0304S
218,14HR05-0504S,17HM13-0316S,17HM08-1204S
219,14HR05-0504S,17HM13-0316S,17HM13-0316D
220,14HR05-0504S,17HM13-0316S,17HM13-0316S
221,14HR05-0504S,17HM13-0316S,17HM15-0406S
222,14HR05-0504S,17HM13-0316S,17HM15-0904S
223,14HR05-0504S,17HM13-0316S,17HM15-1004S
224,14HR05-0504S,17HM13-0316S,17ME15-1504S
225,14HR05-0504S,17HM13-0316S,17HM19-0406D
226,14HR05-0504S,17HM13-0316S,17HM19-1684S
227,14HR05-0504S,17HM13-0316S,17HM19-1684D
228,14HR05-0504S,17HM13-0316S,17HM19-2004S
229,14HR05-0504S,17HM13-0316S,17HM19-2004S1
230,14HR05-0504S,17HM13-0316S,23HM22-2804S
231,14HR05-0504S,17HM15-0406S,14HR05-0504S
232,14HR05-0504S,17HM15-0406S,14HR08-0654S
233,14HR05-0504S,17HM15-0406S,14HM08-0504S
234,14HR05-0504S,17HM15-0406S,14HM11-0404S
235,14HR05-0504S,17HM15-0406S,16HM09-1204S
236,14HR05-0504S,17HM15-0406S,16HM10-0604S
237,14HR05-0504S,17HM15-0406S,16HM13-0404S
238,14HR05-0504S,17HM15-0406S,16HM17-0304S
239,14HR05-0504S,17HM15-0406S,17HM08-1204S
240,14HR05-0504S,17HM15-0406S,17HM13-0316D
241,14HR05-0504S,17HM15-0406S,17HM13-0316S
242,14HR05-0504S,17HM15-0406S,17HM15-0406S
243,14HR05-0504S,17HM15-0406S,17HM15-0904S
244,14HR05-0504S,17HM15-0406S,17HM15-1004S
245,14HR05-0504S,17HM15-0406S,17ME15-1504S
246,14HR05-0504S,17HM15-0406S,17HM19-0406D
247,14HR05-0504S,17HM15-0406S,17HM19-1684S
248,14HR05-0504S,17HM15-0406S,17HM19-1684D
249,14HR05-0504S,17HM15-0406S,17HM19-2004S
250,14HR05-0504S,17HM15-0406S,17HM19-2004S1
251,14HR05-0504S,17HM15-0406S,23HM22-2804S
252,14HR05-0504S,17HM15-0904S,14HR05-0504S
253,14HR05-0504S,17HM15-0904S,14HR08-0654S
254,14HR05-0504S,17HM15-0904S,14HM08-0504S
255,14HR05-0504S,17HM15-0904S,14HM11-0404S
256,14HR05-0504S,17HM15-0904S,16HM09-1204S
257,14HR05-0504S,17HM15-0904S,16HM10-0604S
258,14HR05-0504S,17HM15-0904S,16HM13-0404S
259,14HR05-0504S,17HM15-0904S,16HM17-0304S
260,14HR05-0504S,17HM15-0904S,17HM08-1204S
261,14HR05-0504S,17HM15-0904S,17HM13-0316D
262,14HR05-0504S,17HM15-0904S,17HM13-0316S
263,14HR05-0504S,17HM15-0904S,17HM15-0406S
264,14HR05-0504S,17HM15-0904S,17HM15-0904S
265,14HR05-0504S,17HM15-0904S,17HM15-1004S
266,14HR05-0504S,17HM15-0904S,17ME15-1504S
267,14HR05-0504S,17HM15-0904S,17HM19-0406D
268,14HR05-0504S,17HM15-0904S,17HM19-1684S
269,14HR05-0504S,17HM15-0904S,17HM19-1684D
270,14HR05-0504S,17HM15-0904S,17HM19-2004S
271,14HR05-0504S,17HM15-0904S,17HM19-2004S1
272,14HR05-0504S,17HM15-0904S,23HM22-2804S
273,14HR05-0504S,17HM15-1004S,14HR05-0504S
274,14HR05-0504S,17HM15-1004S,14HR08-0654S
275,14HR05-0504S,17HM15-1004S,14HM08-0504S
276,14HR05-0504S,17HM15-1004S,14HM11-0404S
277,14HR05-0504S,17HM15-1004S,16HM09-1204S
278,14HR05-0504S,17HM15-1004S,16HM10-0604S
279,14HR05-0504S,17HM15-1004S,16HM13-0404S
280,14HR05-0504S,17HM15-1004S,16HM17-0304S
281,14HR05-0504S,17HM15-1004S,17HM08-1204S
282,14HR05-0504S,17HM15-1004S,17HM13-0316D
283,14HR05-0504S,17HM15-1004S,17HM13-0316S
284,14HR05-0504S,17HM15-1004S,17HM15-0406S
285,14HR05-0504S,17HM15-1004S,17HM15-0904S
286,14HR05-0504S,17HM15-1004S,17HM15-1004S
287,14HR05-0504S,17HM15-1004S,17ME15-1504S
288,14HR05-0504S,17HM15-1004S,17HM19-0406D
289,14HR05-0504S,17HM15-1004S,17HM19-1684S
290,14HR05-0504S,17HM15-1004S,17HM19-1684D
291,14HR05-0504S,17HM15-1004S,17HM19-2004S
292,14HR05-0504S,17HM15-1004S,17HM19-2004S1
293,14HR05-0504S,17HM15-1004S,23HM22-2804S
294,14HR05-0504S,17ME15-1504S,14HR05-0504S
295,14HR05-0504S,17ME15-1504S,14HR08-0654S
296,14HR05-0504S,17ME15-1504S,14HM08-0504S
297,14HR05-0504S,17ME15-1504S,14HM11-0404S
298,14HR05-0504S,17ME15-1504S,16HM09-1204S
299,14HR05-0504S,17ME15-1504S,16HM10-0604S
300,14HR05-0504S,17ME15-1504S,16HM13-0404S
301,14HR05-0504S,17ME15-1504S,16HM17-0304S
302,14HR05-0504S,17ME15-1504S,17HM08-1204S
303,14HR05-0504S,17ME15-1504S,17HM13-0316D
304,14HR05-0504S,17ME15-1504S,17HM13-0316S
305,14HR05-0504S,17ME15-1504S,17HM15-0406S
306,14HR05-0504S,17ME15-1504S,17HM15-0904S
307,14HR05-0504S,17ME15-1504S,17HM15-1004S
308,14HR05-0504S,17ME15-1504S,17ME15-1504S
309,14HR05-0504S,17ME15-1504S,17HM19-0406D
310,14HR05-0504S,17ME15-1504S,17HM19-1684S
311,14HR05-0504S,17ME15-1504S,17HM19-1684D
312,14HR05-0504S,17ME15-1504S,17HM19-2004S
313,14HR05-0504S,17ME15-1504S,17HM19-2004S1
314,14HR05-0504S,17ME15-1504S,23HM22-2804S
315,14HR05-0504S,17HM19-0406D,14HR05-0504S
316,14HR05-0504S,17HM19-0406D,14HR08-0654S
317,14HR05-0504S,17HM19-0406D,14HM08-0504S
318,14HR05-0504S,17HM19-0406D,14HM11-0404S
319,14HR05-0504S,17HM19-0406D,16HM09-1204S
320,14HR05-0504S,17HM19-0406D,16HM10-0604S
321,14HR05-0504S,17HM19-0406D,16HM13-0404S
322,14HR05-0504S,17HM19-0406D,16HM17-0304S
323,14HR05-0504S,17HM19-0406D,17HM08-1204S
324,14HR05-0504S,17HM19-0406D,17HM13-0316D
325,14HR05-0504S,17HM19-0406D,17HM13-0316S
326,14HR05-0504S,17HM19-0406D,17HM15-0406S
327,14HR05-0504S,17HM19-0406D,17HM15-0904S
328,14HR05-0504S,17HM19-0406D,17HM15-1004S
329,14HR05-0504S,17HM19-0406D,17ME15-1504S
330,14HR05-0504S,17HM19-0406D,17HM19-0406D
331,14HR05-0504S,17HM19-0406D,17HM19-1684S
332,14HR05-0504S,17HM19-0406D,17HM19-1684D
333,14HR05-0504S,17HM19-0406D,17HM19-2004S
334,14HR05-0504S,17HM19-0406D,17HM19-2004S1
335,14HR05-0504S,17HM19-0406D,23HM22-2804S
336,14HR05-0504S,17HM19-1684S,14HR05-0504S
337,14HR05-0504S,17HM19-1684S,14HR08-0654S
338,14HR05-0504S,17HM19-1684S,14HM08-0504S
339,14HR05-0504S,17HM19-1684S,14HM11-0404S
340,14HR05-0504S,17HM19-1684S,16HM09-1204S
341,14HR05-0504S,17HM19-1684S,16HM10-0604S
342,14HR05-0504S,17HM19-1684S,16HM13-0404S
343,14HR05-0504S,17HM19-1684S,16HM17-0304S
344,14HR05-0504S,17HM19-1684S,17HM08-1204S
345,14HR05-0504S,17HM19-1684S,17HM13-0316D
346,14HR05-0504S,17HM19-1684S,17HM13-0316S
347,14HR05-0504S,17HM19-1684S,17HM15-0406S
348,14HR05-0504S,17HM19-1684S,17HM15-0904S
349,14HR05-0504S,17HM19-1684S,17HM15-1004S
350,14HR05-0504S,17HM19-1684S,17ME15-1504S
351,14HR05-0504S,17HM19-1684S,17HM19-0406D
352,14HR05-0504S,17HM19-1684S,17HM19-1684S
353,14HR05-0504S,17HM19-1684S,17HM19-1684D
354,14HR05-0504S,17HM19-1684S,17HM19-2004S
355,14HR05-0504S,17HM19-1684S,17HM19-2004S1
356,14HR05-0504S,17HM19-1684S,23HM22-2804S
357,14HR05-0504S,17HM19-1684D,14HR05-0504S
358,14HR05-0504S,17HM19-1684D,14HR08-0654S
359,14HR05-0504S,17HM19-1684D,14HM08-0504S
360,14HR05-0504S,17HM19-1684D,14HM11-0404S
361,14HR05-0504S,17HM19-1684D,16HM09-1204S
362,14HR05-0504S,17HM19-1684D,16HM10-0604S
363,14HR05-0504S,17HM19-1684D,16HM13-0404S
364,14HR05-0504S,17HM19-1684D,16HM17-0304S
365,14HR05-0504S,17HM19-1684D,17HM08-1204S
366,14HR05-0504S,17HM19-1684D,17HM13-0316D
367,14HR05-0504S,17HM19-1684D,17HM13-0316S
368,14HR05-0504S,17HM19-1684D,17HM15-0406S
369,14HR05-0504S,17HM19-1684D,17HM15-0904S
370,14HR05-0504S,17HM19-1684D,17HM15-1004S
371,14HR05-0504S,17HM19-1684D,17ME15-1504S
372,14HR05-0504S,17HM19-1684D,17HM19-0406D
373,14HR05-0504S,17HM19-1684D,17HM19-1684S
374,14HR05-0504S,17HM19-1684D,17HM19-1684D
375,14HR05-0504S,17HM19-1684D,17HM19-2004S
376,14HR05-0504S,17HM19-1684D,17HM19-2004S1
377,14HR05-0504S,17HM19-1684D,23HM22-2804S
378,14HR05-0504S,17HM19-2004S,14HR05-0504S
379,14HR05-0504S,17HM19-2004S,14HR08-0654S
380,14HR05-0504S,17HM19-2004S,14HM08-0504S
381,14HR05-0504S,17HM19-2004S,14HM11-0404S
382,14HR05-0504S,17HM19-2004S,16HM09-1204S
383,14HR05-0504S,17HM19-2004S,16HM10-0604S
384,14HR05-0504S,17HM19-2004S,16HM13-0404S
385,14HR05-0504S,17HM19-2004S,16HM17-0304S
386,14HR05-0504S,17HM19-2004S,17HM08-1204S
387,14HR05-0504S,17HM19-2004S,17HM13-0316D
388,14HR05-0504S,17HM19-2004S,17HM13-0316S
389,14HR05-0504S,17HM19-2004S,17HM15-0406S
390,14HR05-0504S,17HM19-2004S,17HM15-0904S
391,14HR05-0504S,17HM19-2004S,17HM15-1004S
392,14HR05-0504S,17HM19-2004S,17ME15-1504S
393,14HR05-0504S,17HM19-2004S,17HM19-0406D
394,14HR05-0504S,17HM19-2004S,17HM19-1684S
395,14HR05-0504S,17HM19-2004S,17HM19-1684D
396,14HR05-0504S,17HM19-2004S,17HM19-2004S
397,14HR05-0504S,17HM19-2004S,17HM19-2004S1
398,14HR05-0504S,17HM19-2004S,23HM22-2804S
399,14HR05-0504S,17HM19-2004S1,14HR05-0504S
400,14HR05-0504S,17HM19-2004S1,14HR08-0654S
401,14HR05-0504S,17HM19-2004S1,14HM08-0504S
402,14HR05-0504S,17HM19-2004S1,14HM11-0404S
403,14HR05-0504S,17HM19-2004S1,16HM09-1204S
404,14HR05-0504S,17HM19-2004S1,16HM10-0604S
405,14HR05-0504S,17HM19-2004S1,16HM13-0404S
406,14HR05-0504S,17HM19-2004S1,16HM17-0304S
407,14HR05-0504S,17HM19-2004S1,17HM08-1204S
408,14HR05-0504S,17HM19-2004S1,17HM13-0316D
409,14HR05-0504S,17HM19-2004S1,17HM13-0316S
410,14HR05-0504S,17HM19-2004S1,17HM15-0406S
411,14HR05-0504S,17HM19-2004S1,17HM15-0904S
412,14HR05-0504S,17HM19-2004S1,17HM15-1004S
413,14HR05-0504S,17HM19-2004S1,17ME15-1504S
414,14HR05-0504S,17HM19-2004S1,17HM19-0406D
415,14HR05-0504S,17HM19-2004S1,17HM19-1684S
416,14HR05-0504S,17HM19-2004S1,17HM19-1684D
417,14HR05-0504S,17HM19-2004S1,17HM19-2004S
418,14HR05-0504S,17HM19-2004S1,17HM19-2004S1
419,14HR05-0504S,17HM19-2004S1,23HM22-2804S
420,14HR05-0504S,23HM22-2804S,14HR08-0654S
421,14HR05-0504S,23HM22-2804S,14HM11-0404S
422,14HR05-0504S,23HM22-2804S,16HM09-1204S
423,14HR05-0504S,23HM22-2804S,16HM10-0604S
424,14HR05-0504S,23HM22-2804S,16HM13-0404S
425,14HR05-0504S,23HM22-2804S,16HM17-0304S
426,14HR05-0504S,23HM22-2804S,17HM08-1204S
427,14HR05-0504S,23HM22-2804S,17HM13-0316D
428,14HR05-0504S,23HM22-2804S,17HM13-0316S
429,14HR05-0504S,23HM22-2804S,17HM15-0406S
430,14HR05-0504S,23HM22-2804S,17HM15-0904S
431,14HR05-0504S,23HM22-2804S,17HM15-1004S
432,14HR05-0504S,23HM22-2804S,17ME15-1504S
433,14HR05-0504S,23HM22-2804S,17HM19-0406D
434,14HR05-0504S,23HM22-2804S,17HM19-1684S
435,14HR05-0504S,23HM22-2804S,17HM19-1684D
436,14HR05-0504S,23HM22-2804S,17HM19-2004S
437,14HR05-0504S,23HM22-2804S,17HM19-2004S1
438,14HR05-0504S,23HM22-2804S,23HM22-2804S
439,14HR08-0654S,14HR05-0504S,14HR05-0504S
440,14HR08-0654S,14HR05-0504S,14HR08-0654S
441,14HR08-0654S,14HR05-0504S,14HM08-0504S
442,14HR08-0654S,14HR05-0504S,14HM11-0404S
443,14HR08-0654S,14HR05-0504S,16HM09-1204S
444,14HR08-0654S,14HR05-0504S,16HM10-0604S
445,14HR08-0654S,14HR05-0504S,16HM13-0404S
446,14HR08-0654S,14HR05-0504S,16HM17-0304S
447,14HR08-0654S,14HR05-0504S,17HM08-1204S
448,14HR08-0654S,14HR05-0504S,17HM13-0316D
449,14HR08-0654S,14HR05-0504S,17HM13-0316S
450,14HR08-0654S,14HR05-0504S,17HM15-0406S
451,14HR08-0654S,14HR05-0504S,17HM15-0904S
452,14HR08-0654S,14HR05-0504S,17HM15-1004S
453,14HR08-0654S,14HR05-0504S,17ME15-1504S
454,14HR08-0654S,14HR05-0504S,17HM19-0406D
455,14HR08-0654S,14HR05-0504S,17HM19-1684S
456,14HR08-0654S,14HR05-0504S,17HM19-1684D
457,14HR08-0654S,14HR05-0504S,17HM19-2004S
458,14HR08-0654S,14HR05-0504S,17HM19-2004S1
459,14HR08-0654S,14HR05-0504S,23HM22-2804S
460,14HR08-0654S,14HR08-0654S,14HR05-0504S
461,14HR08-0654S,14HR08-0654S,14HR08-0654S
462,14HR08-0654S,14HR08-0654S,14HM08-0504S
463,14HR08-0654S,14HR08-0654S,14HM11-0404S
464,14HR08-0654S,14HR08-0654S,16HM09-1204S
465,14HR08-0654S,14HR08-0654S,16HM10-0604S
466,14HR08-0654S,14HR08-0654S,16HM13-0404S
467,14HR08-0654S,14HR08-0654S,16HM17-0304S
468,14HR08-0654S,14HR08-0654S,17HM08-1204S
469,14HR08-0654S,14HR08-0654S,17HM13-0316D
470,14HR08-0654S,14HR08-0654S,17HM13-0316S
471,14HR08-0654S,14HR08-0654S,17HM15-0406S
472,14HR08-0654S,14HR08-0654S,17HM15-0904S
473,14HR08-0654S,14HR08-0654S,17HM15-1004S
474,14HR08-0654S,14HR08-0654S,17ME15-1504S
475,14HR08-0654S,14HR08-0654S,17HM19-0406D
476,14HR08-0654S,14HR08-0654S,17HM19-1684S
477,14HR08-0654S,14HR08-0654S,17HM19-1684D
478,14HR08-0654S,14HR08-0654S,17HM19-2004S
479,14HR08-0654S,14HR08-0654S,17HM19-2004S1
480,14HR08-0654S,14HR08-0654S,23HM22-2804S
481,14HR08-0654S,14HM08-0504S,14HR05-0504S
482,14HR08-0654S,14HM08-0504S,14HR08-0654S
483,14HR08-0654S,14HM08-0504S,14HM08-0504S
484,14HR08-0654S,14HM08-0504S,14HM11-0404S
485,14HR08-0654S,14HM08-0504S,16HM09-1204S
486,14HR08-0654S,14HM08-0504S,16HM10-0604S
487,14HR08-0654S,14HM08-0504S,16HM13-0404S
488,14HR08-0654S,14HM08-0504S,16HM17-0304S
489,14HR08-0654S,14HM08-0504S,17HM08-1204S
490,14HR08-0654S,14HM08-0504S,17HM13-0316D
491,14HR08-0654S,14HM08-0504S,17HM13-0316S
492,14HR08-0654S,14HM08-0504S,17HM15-0406S
493,14HR08-0654S,14HM08-0504S,17HM15-0904S
494,14HR08-0654S,14HM08-0504S,17HM15-1004S
495,14HR08-0654S,14HM08-0504S,17ME15-1504S
496,14HR08-0654S,14HM08-0504S,17HM19-0406D
497,14HR08-0654S,14HM08-0504S,17HM19-1684S
498,14HR08-0654S,14HM08-0504S,17HM19-1684D
499,14HR08-0654S,14HM08-0504S,17HM19-2004S
500,14HR08-0654S,14HM08-0504S,17HM19-2004S1
501,14HR08-0654S,14HM08-0504S,23HM22-2804S
502,14HR08-0654S,14HM11-0404S,14HR05-0504S
503,14HR08-0654S,14HM11-0404S,14HR08-0654S
504,14HR08-0654S,14HM11-0404S,14HM08-0504S
505,14HR08-0654S,14HM11-0404S,14HM11-0404S
506,14HR08-0654S,14HM11-0404S,16HM09-1204S
507,14HR08-0654S,14HM11-0404S,16HM10-0604S
508,14HR08-0654S,14HM11-0404S,16HM13-0404S
509,14HR08-0654S,14HM11-0404S,16HM17-0304S
510,14HR08-0654S,14HM11-0404S,17HM08-1204S
511,14HR08-0654S,14HM11-0404S,17HM13-0316D
512,14HR08-0654S,14HM11-0404S,17HM13-0316S
513,14HR08-0654S,14HM11-0404S,17HM15-0406S
514,14HR08-0654S,14HM11-0404S,17HM15-0904S
515,14HR08-0654S,14HM11-0404S,17HM15-1004S
516,14HR08-0654S,14HM11-0404S,17ME15-1504S
517,14HR08-0654S,14HM11-0404S,17HM19-0406D
518,14HR08-0654S,14HM11-0404S,17HM19-1684S
519,14HR08-0654S,14HM11-0404S,17HM19-1684D
520,14HR08-0654S,14HM11-0404S,17HM19-2004S
521,14HR08-0654S,14HM11-0404S,17HM19-2004S1
522,14HR08-0654S,14HM11-0404S,23HM22-2804S
523,14HR08-0654S,16HM09-1204S,14HR05-0504S
524,14HR08-0654S,16HM09-1204S,14HR08-0654S
525,14HR08-0654S,16HM09-1204S,14HM08-0504S
526,14HR08-0654S,16HM09-1204S,14HM11-0404S
527,14HR08-0654S,16HM09-1204S,16HM09-1204S
528,14HR08-0654S,16HM09-1204S,16HM10-0604S
529,14HR08-0654S,16HM09-1204S,16HM13-0404S
530,14HR08-0654S,16HM09-1204S,16HM17-0304S
531,14HR08-0654S,16HM09-1204S,17HM08-1204S
532,14HR08-0654S,16HM09-1204S,17HM13-0316D
533,14HR08-0654S,16HM09-1204S,17HM13-0316S
534,14HR08-0654S,16HM09-1204S,17HM15-0406S
535,14HR08-0654S,16HM09-1204S,17HM15-0904S
536,14HR08-0654S,16HM09-1204S,17HM15-1004S
537,14HR08-0654S,16HM09-1204S,17ME15-1504S
538,14HR08-0654S,16HM09-1204S,17HM19-0406D
539,14HR08-0654S,16HM09-1204S,17HM19-1684S
540,14HR08-0654S,16HM09-1204S,17HM19-1684D
541,14HR08-0654S,16HM09-1204S,17HM19-2004S
542,14HR08-0654S,16HM09-1204S,17HM19-2004S1
543,14HR08-0654S,16HM09-1204S,23HM22-2804S
544,14HR08-0654S,16HM10-0604S,14HR05-0504S
545,14HR08-0654S,16HM10-0604S,14HR08-0654S
546,14HR08-0654S,16HM10-0604S,14HM08-0504S
547,14HR08-0654S,16HM10-0604S,14HM11-0404S
548,14HR08-0654S,16HM10-0604S,16HM09-1204S
549,14HR08-0654S,16HM10-0604S,16HM10-0604S
550,14HR08-0654S,16HM10-0604S,16HM13-0404S
551,14HR08-0654S,16HM10-0604S,16HM17-0304S
552,14HR08-0654S,16HM10-0604S,17HM08-1204S
553,14HR08-0654S,16HM10-0604S,17HM13-0316D
554,14HR08-0654S,16HM10-0604S,17HM13-0316S
555,14HR08-0654S,16HM10-0604S,17HM15-0406S
556,14HR08-0654S,16HM10-0604S,17HM15-0904S
557,14HR08-0654S,16HM10-0604S,17HM15-1004S
558,14HR08-0654S,16HM10-0604S,17ME15-1504S
559,14HR08-0654S,16HM10-0604S,17HM19-0406D
560,14HR08-0654S,16HM10-0604S,17HM19-1684S
561,14HR08-0654S,16HM10-0604S,17HM19-1684D
562,14HR08-0654S,16HM10-0604S,17HM19-2004S
563,14HR08-0654S,16HM10-0604S,17HM19-2004S1
564,14HR08-0654S,16HM10-0604S,23HM22-2804S
565,14HR08-0654S,16HM13-0404S,14HR08-0654S
566,14HR08-0654S,16HM13-0404S,14HM11-0404S
567,14HR08-0654S,16HM13-0404S,16HM09-1204S
568,14HR08-0654S,16HM13-0404S,16HM10-0604S
569,14HR08-0654S,16HM13-0404S,16HM13-0404S
570,14HR08-0654S,16HM13-0404S,16HM17-0304S
571,14HR08-0654S,16HM13-0404S,17HM08-1204S
572,14HR08-0654S,16HM13-0404S,17HM13-0316D
573,14HR08-0654S,16HM13-0404S,17HM13-0316S
574,14HR08-0654S,16HM13-0404S,17HM15-0406S
575,14HR08-0654S,16HM13-0404S,17HM15-0904S
576,14HR08-0654S,16HM13-0404S,17HM15-1004S
577,14HR08-0654S,16HM13-0404S,17ME15-1504S
578,14HR08-0654S,16HM13-0404S,17HM19-0406D
579,14HR08-0654S,16HM13-0404S,17HM19-1684S
580,14HR08-0654S,16HM13-0404S,17HM19-1684D
581,14HR08-0654S,16HM13-0404S,17HM19-2004S
582,14HR08-0654S,16HM13-0404S,17HM19-2004S1
583,14HR08-0654S,16HM13-0404S,23HM22-2804S
584,14HR08-0654S,16HM17-0304S,14HR08-0654S
585,14HR08-0654S,16HM17-0304S,14HM11-0404S
586,14HR08-0654S,16HM17-0304S,16HM09-1204S
587,14HR08-0654S,16HM17-0304S,16HM10-0604S
588,14HR08-0654S,16HM17-0304S,16HM13-0404S
589,14HR08-0654S,16HM17-0304S,16HM17-0304S
590,14HR08-0654S,16HM17-0304S,17HM08-1204S
591,14HR08-0654S,16HM17-0304S,17HM13-0316D
592,14HR08-0654S,16HM17-0304S,17HM13-0316S
593,14HR08-0654S,16HM17-0304S,17HM15-0406S
594,14HR08-0654S,16HM17-0304S,17HM15-0904S
595,14HR08-0654S,16HM17-0304S,17HM15-1004S
596,14HR08-0654S,16HM17-0304S,17ME15-1504S
597,14HR08-0654S,16HM17-0304S,17HM19-0406D
598,14HR08-0654S,16HM17-0304S,17HM19-1684S
599,14HR08-0654S,16HM17-0304S,17HM19-1684D
600,14HR08-0654S,16HM17-0304S,17HM19-2004S
601,14HR08-0654S,16HM17-0304S,17HM19-2004S1
602,14HR08-0654S,16HM17-0304S,23HM22-2804S
603,14HR08-0654S,17HM08-1204S,14HR05-0504S
604,14HR08-0654S,17HM08-1204S,14HR08-0654S
605,14HR08-0654S,17HM08-1204S,14HM08-0504S
606,14HR08-0654S,17HM08-1204S,14HM11-0404S
607,14HR08-0654S,17HM08-1204S,16HM09-1204S
608,14HR08-0654S,17HM08-1204S,16HM10-0604S
609,14HR08-0654S,17HM08-1204S,16HM13-0404S
610,14HR08-0654S,17HM08-1204S,16HM17-0304S
611,14HR08-0654S,17HM08-1204S,17HM08-1204S
612,14HR08-0654S,17HM08-1204S,17HM13-0316D
613,14HR08-0654S,17HM08-1204S,17HM13-0316S
614,14HR08-0654S,17HM08-1204S,17HM15-0406S
615,14HR08-0654S,17HM08-1204S,17HM15-0904S
616,14HR08-0654S,17HM08-1204S,17HM15-1004S
617,14HR08-0654S,17HM08-1204S,17ME15-1504S
618,14HR08-0654S,17HM08-1204S,17HM19-0406D
619,14HR08-0654S,17HM08-1204S,17HM19-1684S
620,14HR08-0654S,17HM08-1204S,17HM19-1684D
621,14HR08-0654S,17HM08-1204S,17HM19-2004S
622,14HR08-0654S,17HM08-1204S,17HM19-2004S1
623,14HR08-0654S,17HM08-1204S,23HM22-2804S
624,14HR08-0654S,17HM13-0316D,14HR08-0654S
625,14HR08-0654S,17HM13-0316D,14HM11-0404S
626,14HR08-0654S,17HM13-0316D,16HM09-1204S
627,14HR08-0654S,17HM13-0316D,16HM10-0604S
628,14HR08-0654S,17HM13-0316D,16HM13-0404S
629,14HR08-0654S,17HM13-0316D,16HM17-0304S
630,14HR08-0654S,17HM13-0316D,17HM08-1204S
631,14HR08-0654S,17HM13-0316D,17HM13-0316D
632,14HR08-0654S,17HM13-0316D,17HM13-0316S
633,14HR08-0654S,17HM13-0316D,17HM15-0406S
634,14HR08-0654S,17HM13-0316D,17HM15-0904S
635,14HR08-0654S,17HM13-0316D,17HM15-1004S
636,14HR08-0654S,17HM13-0316D,17ME15-1504S
637,14HR08-0654S,17HM13-0316D,17HM19-0406D
638,14HR08-0654S,17HM13-0316D,17HM19-1684S
639,14HR08-0654S,17HM13-0316D,17HM19-1684D
640,14HR08-0654S,17HM13-0316D,17HM19-2004S
641,14HR08-0654S,17HM13-0316D,17HM19-2004S1
642,14HR08-0654S,17HM13-0316D,23HM22-2804S
643,14HR08-0654S,17HM13-0316S,14HR08-0654S
644,14HR08-0654S,17HM13-0316S,14HM11-0404S
645,14HR08-0654S,17HM13-0316S,16HM09-1204S
646,14HR08-0654S,17HM13-0316S,16HM10-0604S
647,14HR08-0654S,17HM13-0316S,16HM13-0404S
648,14HR08-0654S,17HM13-0316S,16HM17-0304S
649,14HR08-0654S,17HM13-0316S,17HM08-1204S
650,14HR08-0654S,17HM13-0316S,17HM13-0316D
651,14HR08-0654S,17HM13-0316S,17HM13-0316S
652,14HR08-0654S,17HM13-0316S,17HM15-0406S
653,14HR08-0654S,17HM13-0316S,17HM15-0904S
654,14HR08-0654S,17HM13-0316S,17HM15-1004S
655,14HR08-0654S,17HM13-0316S,17ME15-1504S
656,14HR08-0654S,17HM13-0316S,17HM19-0406D
657,14HR08-0654S,17HM13-0316S,17HM19-1684S
658,14HR08-0654S,17HM13-0316S,17HM19-1684D
659,14HR08-0654S,17HM13-0316S,17HM19-2004S
660,14HR08-0654S,17HM13-0316S,17HM19-2004S1
661,14HR08-0654S,17HM13-0316S,23HM22-2804S
662,14HR08-0654S,17HM15-0406S,14HR08-0654S
663,14HR08-0654S,17HM15-0406S,14HM11-0404S
664,14HR08-0654S,17HM15-0406S,16HM09-1204S
665,14HR08-0654S,17HM15-0406S,16HM10-0604S
666,14HR08-0654S,17HM15-0406S,16HM13-0404S
667,14HR08-0654S,17HM15-0406S,16HM17-0304S
668,14HR08-0654S,17HM15-0406S,17HM08-1204S
669,14HR08-0654S,17HM15-0406S,17HM13-0316D
670,14HR08-0654S,17HM15-0406S,17HM13-0316S
671,14HR08-0654S,17HM15-0406S,17HM15-0406S
672,14HR08-0654S,17HM15-0406S,17HM15-0904S
673,14HR08-0654S,17HM15-0406S,17HM15-1004S
674,14HR08-0654S,17HM15-0406S,17ME15-1504S
675,14HR08-0654S,17HM15-0406S,17HM19-0406D
676,14HR08-0654S,17HM15-0406S,17HM19-1684S
677,14HR08-0654S,17HM15-0406S,17HM19-1684D
678,14HR08-0654S,17HM15-0406S,17HM19-2004S
679,14HR08-0654S,17HM15-0406S,17HM19-2004S1
680,14HR08-0654S,17HM15-0406S,23HM22-2804S
681,14HR08-0654S,17HM15-0904S,14HR08-0654S
682,14HR08-0654S,17HM15-0904S,14HM11-0404S
683,14HR08-0654S,17HM15-0904S,16HM09-1204S
684,14HR08-0654S,17HM15-0904S,16HM10-0604S
685,14HR08-0654S,17HM15-0904S,16HM13-0404S
686,14HR08-0654S,17HM15-0904S,16HM17-0304S
687,14HR08-0654S,17HM15-0904S,17HM08-1204S
688,14HR08-0654S,17HM15-0904S,17HM13-0316D
689,14HR08-0654S,17HM15-0904S,17HM13-0316S
690,14HR08-0654S,17HM15-0904S,17HM15-0406S
691,14HR08-0654S,17HM15-0904S,17HM15-0904S
692,14HR08-0654S,17HM15-0904S,17HM15-1004S
693,14HR08-0654S,17HM15-0904S,17ME15-1504S
694,14HR08-0654S,17HM15-0904S,17HM19-0406D
695,14HR08-0654S,17HM15-0904S,17HM19-1684S
696,14HR08-0654S,17HM15-0904S,17HM19-1684D
697,14HR08-0654S,17HM15-0904S,17HM19-2004S
698,14HR08-0654S,17HM15-0904S,17HM19-2004S1
699,14HR08-0654S,17HM15-0904S,23HM22-2804S
700,14HR08-0654S,17HM15-1004S,14HR08-0654S
701,14HR08-0654S,17HM15-1004S,14HM11-0404S
702,14HR08-0654S,17HM15-1004S,16HM09-1204S
703,14HR08-0654S,17HM15-1004S,16HM10-0604S
704,14HR08-0654S,17HM15-1004S,16HM13-0404S
705,14HR08-0654S,17HM15-1004S,16HM17-0304S
706,14HR08-0654S,17HM15-1004S,17HM08-1204S
707,14HR08-0654S,17HM15-1004S,17HM13-0316D
708,14HR08-0654S,17HM15-1004S,17HM13-0316S
709,14HR08-0654S,17HM15-1004S,17HM15-0406S
710,14HR08-0654S,17HM15-1004S,17HM15-0904S
711,14HR08-0654S,17HM15-1004S,17HM15-1004S
712,14HR08-0654S,17HM15-1004S,17ME15-1504S
713,14HR08-0654S,17HM15-1004S,17HM19-0406D
714,14HR08-0654S,17HM15-1004S,17HM19-1684S
715,14HR08-0654S,17HM15-1004S,17HM19-1684D
716,14HR08-0654S,17HM15-1004S,17HM19-2004S
717,14HR08-0654S,17HM15-1004S,17HM19-2004S1
718,14HR08-0654S,17HM15-1004S,23HM22-2804S
719,14HR08-0654S,17ME15-1504S,14HR08-0654S
720,14HR08-0654S,17ME15-1504S,14HM11-0404S
721,14HR08-0654S,17ME15-1504S,16HM09-1204S
722,14HR08-0654S,17ME15-1504S,16HM10-0604S
723,14HR08-0654S,17ME15-1504S,16HM13-0404S
724,14HR08-0654S,17ME15-1504S,16HM17-0304S
725,14HR08-0654S,17ME15-1504S,17HM08-1204S
726,14HR08-0654S,17ME15-1504S,17HM13-0316D
727,14HR08-0654S,17ME15-1504S,17HM13-0316S
728,14HR08-0654S,17ME15-1504S,17HM15-0406S
729,14HR08-0654S,17ME15-1504S,17HM15-0904S
730,14HR08-0654S,17ME15-1504S,17HM15-1004S
731,14HR08-0654S,17ME15-1504S,17ME15-1504S
732,14HR08-0654S,17ME15-1504S,17HM19-0406D
733,14HR08-0654S,17ME15-1504S,17HM19-1684S
734,14HR08-0654S,17ME15-1504S,17HM19-1684D
735,14HR08-0654S,17ME15-1504S,17HM19-2004S
736,14HR08-0654S,17ME15-1504S,17HM19-2004S1
737,14HR08-0654S,17ME15-1504S,23HM22-2804S
738,14HR08-0654S,17HM19-0406D,14HM11-0404S
739,14HR08-0654S,17HM19-0406D,16HM09-1204S
740,14HR08-0654S,17HM19-0406D,16HM10-0604S
741,14HR08-0654S,17HM19-0406D,16HM13-0404S
742,14HR08-0654S,17HM19-0406D,16HM17-0304S
743,14HR08-0654S,17HM19-0406D,17HM08-1204S
744,14HR08-0654S,17HM19-0406D,17HM13-0316D
745,14HR08-0654S,17HM19-0406D,17HM13-0316S
746,14HR08-0654S,17HM19-0406D,17HM15-0406S
747,14HR08-0654S,17HM19-0406D,17HM15-0904S
748,14HR08-0654S,17HM19-0406D,17HM15-1004S
749,14HR08-0654S,17HM19-0406D,17ME15-1504S
750,14HR08-0654S,17HM19-0406D,17HM19-0406D
751,14HR08-0654S,17HM19-0406D,17HM19-1684S
752,14HR08-0654S,17HM19-0406D,17HM19-1684D
753,14HR08-0654S,17HM19-0406D,17HM19-2004S
754,14HR08-0654S,17HM19-0406D,17HM19-2004S1
755,14HR08-0654S,17HM19-0406D,23HM22-2804S
756,14HR08-0654S,17HM19-1684S,14HM11-0404S
757,14HR08-0654S,17HM19-1684S,16HM09-1204S
758,14HR08-0654S,17HM19-1684S,16HM10-0604S
759,14HR08-0654S,17HM19-1684S,16HM13-0404S
760,14HR08-0654S,17HM19-1684S,16HM17-0304S
761,14HR08-0654S,17HM19-1684S,17HM08-1204S
762,14HR08-0654S,17HM19-1684S,17HM13-0316D
763,14HR08-0654S,17HM19-1684S,17HM13-0316S
764,14HR08-0654S,17HM19-1684S,17HM15-0406S
765,14HR08-0654S,17HM19-1684S,17HM15-0904S
766,14HR08-0654S,17HM19-1684S,17HM15-1004S
767,14HR08-0654S,17HM19-1684S,17ME15-1504S
768,14HR08-0654S,17HM19-1684S,17HM19-0406D
769,14HR08-0654S,17HM19-1684S,17HM19-1684S
770,14HR08-0654S,17HM19-1684S,17HM19-1684D
771,14HR08-0654S,17HM19-1684S,17HM19-2004S
772,14HR08-0654S,17HM19-1684S,17HM19-2004S1
773,14HR08-0654S,17HM19-1684S,23HM22-2804S
774,14HR08-0654S,17HM19-1684D,14HM11-0404S
775,14HR08-0654S,17HM19-1684D,16HM09-1204S
776,14HR08-0654S,17HM19-1684D,16HM10-0604S
777,14HR08-0654S,17HM19-1684D,16HM13-0404S
778,14HR08-0654S,17HM19-1684D,16HM17-0304S
779,14HR08-0654S,17HM19-1684D,17HM08-1204S
780,14HR08-0654S,17HM19-1684D,17HM13-0316D
781,14HR08-0654S,17HM19-1684D,17HM13-0316S
782,14HR08-0654S,17HM19-1684D,17HM15-0406S
783,14HR08-0654S,17HM19-1684D,17HM15-0904S
784,14HR08-0654S,17HM19-1684D,17HM15-1004S
785,14HR08-0654S,17HM19-1684D,17ME15-1504S
786,14HR08-0654S,17HM19-1684D,17HM19-0406D
787,14HR08-0654S,17HM19-1684D,17HM19-1684S
788,14HR08-0654S,17HM19-1684D,17HM19-1684D
789,14HR08-0654S,17HM19-1684D,17HM19-2004S
790,14HR08-0654S,17HM19-1684D,17HM19-2004S1
791,14HR08-0654S,17HM19-1684D,23HM22-2804S
792,14HR08-0654S,17HM19-2004S,14HM11-0404S
793,14HR08-0654S,17HM19-2004S,16HM09-1204S
794,14HR08-0654S,17HM19-2004S,16HM10-0604S
795,14HR08-0654S,17HM19-2004S,16HM13-0404S
796,14HR08-0654S,17HM19-2004S,16HM17-0304S
797,14HR08-0654S,17HM19-2004S,17HM08-1204S
798,14HR08-0654S,17HM19-2004S,17HM13-0316D
799,14HR08-0654S,17HM19-2004S,17HM13-0316S
800,14HR08-0654S,17HM19-2004S,17HM15-0406S
801,14HR08-0654S,17HM19-2004S,17HM15-0904S
802,14HR08-0654S,17HM19-2004S,17HM15-1004S
803,14HR08-0654S,17HM19-2004S,17ME15-1504S
804,14HR08-0654S,17HM19-2004S,17HM19-0406D
805,14HR08-0654S,17HM19-2004S,17HM19-1684S
806,14HR08-0654S,17HM19-2004S,17HM19-1684D
807,14HR08-0654S,17HM19-2004S,17HM19-2004S
808,14HR08-0654S,17HM19-2004S,17HM19-2004S1
809,14HR08-0654S,17HM19-2004S,23HM22-2804S
810,14HR08-0654S,17HM19-2004S1,14HM11-0404S
811,14HR08-0654S,17HM19-2004S1,16HM09-1204S
812,14HR08-0654S,17HM19-2004S1,16HM10-0604S
813,14HR08-0654S,17HM19-2004S1,16HM13-0404S
814,14HR08-0654S,17HM19-2004S1,16HM17-0304S
815,14HR08-0654S,17HM19-2004S1,17HM08-1204S
816,14HR08-0654S,17HM19-2004S1,17HM13-0316D
817,14HR08-0654S,17HM19-2004S1,17HM13-0316S
818,14HR08-0654S,17HM19-2004S1,17HM15-0406S
819,14HR08-0654S,17HM19-2004S1,17HM15-0904S
820,14HR08-0654S,17HM19-2004S1,17HM15-1004S
821,14HR08-0654S,17HM19-2004S1,17ME15-1504S
822,14HR08-0654S,17HM19-2004S1,17HM19-0406D
823,14HR08-0654S,17HM19-2004S1,17HM19-1684S
824,14HR08-0654S,17HM19-2004S1,17HM19-1684D
825,14HR08-0654S,17HM19-2004S1,17HM19-2004S
826,14HR08-0654S,17HM19-2004S1,17HM19-2004S1
827,14HR08-0654S,17HM19-2004S1,23HM22-2804S
828,14HR08-0654S,23HM22-2804S,16HM10-0604S
829,14HR08-0654S,23HM22-2804S,16HM13-0404S
830,14HR08-0654S,23HM22-2804S,16HM17-0304S
831,14HR08-0654S,23HM22-2804S,17HM13-0316D
832,14HR08-0654S,23HM22-2804S,17HM13-0316S
833,14HR08-0654S,23HM22-2804S,17HM15-0406S
834,14HR08-0654S,23HM22-2804S,17HM15-0904S
835,14HR08-0654S,23HM22-2804S,17HM15-1004S
836,14HR08-0654S,23HM22-2804S,17ME15-1504S
837,14HR08-0654S,23HM22-2804S,17HM19-0406D
838,14HR08-0654S,23HM22-2804S,17HM19-1684S
839,14HR08-0654S,23HM22-2804S,17HM19-1684D
840,14HR08-0654S,23HM22-2804S,17HM19-2004S
841,14HR08-0654S,23HM22-2804S,17HM19-2004S1
842,14HR08-0654S,23HM22-2804S,23HM22-2804S
843,14HM08-0504S,14HR05-0504S,14HR05-0504S
844,14HM08-0504S,14HR05-0504S,14HR08-0654S
845,14HM08-0504S,14HR05-0504S,14HM08-0504S
846,14HM08-0504S,14HR05-0504S,14HM11-0404S
847,14HM08-0504S,14HR05-0504S,16HM09-1204S
848,14HM08-0504S,14HR05-0504S,16HM10-0604S
849,14HM08-0504S,14HR05-0504S,16HM13-0404S
850,14HM08-0504S,14HR05-0504S,16HM17-0304S
851,14HM08-0504S,14HR05-0504S,17HM08-1204S
852,14HM08-0504S,14HR05-0504S,17HM13-0316D
853,14HM08-0504S,14HR05-0504S,17HM13-0316S
854,14HM08-0504S,14HR05-0504S,17HM15-0406S
855,14HM08-0504S,14HR05-0504S,17HM15-0904S
856,14HM08-0504S,14HR05-0504S,17HM15-1004S
857,14HM08-0504S,14HR05-0504S,17ME15-1504S
858,14HM08-0504S,14HR05-0504S,17HM19-0406D
859,14HM08-0504S,14HR05-0504S,17HM19-1684S
860,14HM08-0504S,14HR05-0504S,17HM19-1684D
861,14HM08-0504S,14HR05-0504S,17HM19-2004S
862,14HM08-0504S,14HR05-0504S,17HM19-2004S1
863,14HM08-0504S,14HR05-0504S,23HM22-2804S
864,14HM08-0504S,14HR08-0654S,14HR05-0504S
865,14HM08-0504S,14HR08-0654S,14HR08-0654S
866,14HM08-0504S,14HR08-0654S,14HM08-0504S
867,14HM08-0504S,14HR08-0654S,14HM11-0404S
868,14HM08-0504S,14HR08-0654S,16HM09-1204S
869,14HM08-0504S,14HR08-0654S,16HM10-0604S
870,14HM08-0504S,14HR08-0654S,16HM13-0404S
871,14HM08-0504S,14HR08-0654S,16HM17-0304S
872,14HM08-0504S,14HR08-0654S,17HM08-1204S
873,14HM08-0504S,14HR08-0654S,17HM13-0316D
874,14HM08-0504S,14HR08-0654S,17HM13-0316S
875,14HM08-0504S,14HR08-0654S,17HM15-0406S
876,14HM08-0504S,14HR08-0654S,17HM15-0904S
877,14HM08-0504S,14HR08-0654S,17HM15-1004S
878,14HM08-0504S,14HR08-0654S,17ME15-1504S
879,14HM08-0504S,14HR08-0654S,17HM19-0406D
880,14HM08-0504S,14HR08-0654S,17HM19-1684S
881,14HM08-0504S,14HR08-0654S,17HM19-1684D
882,14HM08-0504S,14HR08-0654S,17HM19-2004S
883,14HM08-0504S,14HR08-0654S,17HM19-2004S1
884,14HM08-0504S,14HR08-0654S,23HM22-2804S
885,14HM08-0504S,14HM08-0504S,14HR05-0504S
886,14HM08-0504S,14HM08-0504S,14HR08-0654S
887,14HM08-0504S,14HM08-0504S,14HM08-0504S
888,14HM08-0504S,14HM08-0504S,14HM11-0404S
889,14HM08-0504S,14HM08-0504S,16HM09-1204S
890,14HM08-0504S,14HM08-0504S,16HM10-0604S
891,14HM08-0504S,14HM08-0504S,16HM13-0404S
892,14HM08-0504S,14HM08-0504S,16HM17-0304S
893,14HM08-0504S,14HM08-0504S,17HM08-1204S
894,14HM08-0504S,14HM08-0504S,17HM13-0316D
895,14HM08-0504S,14HM08-0504S,17HM13-0316S
896,14HM08-0504S,14HM08-0504S,17HM15-0406S
897,14HM08-0504S,14HM08-0504S,17HM15-0904S
898,14HM08-0504S,14HM08-0504S,17HM15-1004S
899,14HM08-0504S,14HM08-0504S,17ME15-1504S
900,14HM08-0504S,14HM08-0504S,17HM19-0406D
901,14HM08-0504S,14HM08-0504S,17HM19-1684S
902,14HM08-0504S,14HM08-0504S,17HM19-1684D
903,14HM08-0504S,14HM08-0504S,17HM19-2004S
904,14HM08-0504S,14HM08-0504S,17HM19-2004S1
905,14HM08-0504S,14HM08-0504S,23HM22-2804S
906,14HM08-0504S,14HM11-0404S,14HR05-0504S
907,14HM08-0504S,14HM11-0404S,14HR08-0654S
908,14HM08-0504S,14HM11-0404S,14HM08-0504S
909,14HM08-0504S,14HM11-0404S,14HM11-0404S
910,14HM08-0504S,14HM11-0404S,16HM09-1204S
911,14HM08-0504S,14HM11-0404S,16HM10-0604S
912,14HM08-0504S,14HM11-0404S,16HM13-0404S
913,14HM08-0504S,14HM11-0404S,16HM17-0304S
914,14HM08-0504S,14HM11-0404S,17HM08-1204S
915,14HM08-0504S,14HM11-0404S,17HM13-0316D
916,14HM08-0504S,14HM11-0404S,17HM13-0316S
917,14HM08-0504S,14HM11-0404S,17HM15-0406S
918,14HM08-0504S,14HM11-0404S,17HM15-0904S
919,14HM08-0504S,14HM11-0404S,17HM15-1004S
920,14HM08-0504S,14HM11-0404S,17ME15-1504S
921,14HM08-0504S,14HM11-0404S,17HM19-0406D
922,14HM08-0504S,14HM11-0404S,17HM19-1684S
923,14HM08-0504S,14HM11-0404S,17HM19-1684D
924,14HM08-0504S,14HM11-0404S,17HM19-2004S
925,14HM08-0504S,14HM11-0404S,17HM19-2004S1
926,14HM08-0504S,14HM11-0404S,23HM22-2804S
927,14HM08-0504S,16HM09-1204S,14HR05-0504S
928,14HM08-0504S,16HM09-1204S,14HR08-0654S
929,14HM08-0504S,16HM09-1204S,14HM08-0504S
930,14HM08-0504S,16HM09-1204S,14HM11-0404S
931,14HM08-0504S,16HM09-1204S,16HM09-1204S
932,14HM08-0504S,16HM09-1204S,16HM10-0604S
933,14HM08-0504S,16HM09-1204S,16HM13-0404S
934,14HM08-0504S,16HM09-1204S,16HM17-0304S
935,14HM08-0504S,16HM09-1204S,17HM08-1204S
936,14HM08-0504S,16HM09-1204S,17HM13-0316D
937,14HM08-0504S,16HM09-1204S,17HM13-0316S
938,14HM08-0504S,16HM09-1204S,17HM15-0406S
939,14HM08-0504S,16HM09-1204S,17HM15-0904S
940,14HM08-0504S,16HM09-1204S,17HM15-1004S
941,14HM08-0504S,16HM09-1204S,17ME15-1504S
942,14HM08-0504S,16HM09-1204S,17HM19-0406D
943,14HM08-0504S,16HM09-1204S,17HM19-1684S
944,14HM08-0504S,16HM09-1204S,17HM19-1684D
945,14HM08-0504S,16HM09-1204S,17HM19-2004S
946,14HM08-0504S,16HM09-1204S,17HM19-2004S1
947,14HM08-0504S,16HM09-1204S,23HM22-2804S
948,14HM08-0504S,16HM10-0604S,14HR05-0504S
949,14HM08-0504S,16HM10-0604S,14HR08-0654S
950,14HM08-0504S,16HM10-0604S,14HM08-0504S
951,14HM08-0504S,16HM10-0604S,14HM11-0404S
952,14HM08-0504S,16HM10-0604S,16HM09-1204S
953,14HM08-0504S,16HM10-0604S,16HM10-0604S
954,14HM08-0504S,16HM10-0604S,16HM13-0404S
955,14HM08-0504S,16HM10-0604S,16HM17-0304S
956,14HM08-0504S,16HM10-0604S,17HM08-1204S
957,14HM08-0504S,16HM10-0604S,17HM13-0316D
958,14HM08-0504S,16HM10-0604S,17HM13-0316S
959,14HM08-0504S,16HM10-0604S,17HM15-0406S
960,14HM08-0504S,16HM10-0604S,17HM15-0904S
961,14HM08-0504S,16HM10-0604S,17HM15-1004S
962,14HM08-0504S,16HM10-0604S,17ME15-1504S
963,14HM08-0504S,16HM10-0604S,17HM19-0406D
964,14HM08-0504S,16HM10-0604S,17HM19-1684S
965,14HM08-0504S,16HM10-0604S,17HM19-1684D
966,14HM08-0504S,16HM10-0604S,17HM19-2004S
967,14HM08-0504S,16HM10-0604S,17HM19-2004S1
968,14HM08-0504S,16HM10-0604S,23HM22-2804S
969,14HM08-0504S,16HM13-0404S,14HR05-0504S
970,14HM08-0504S,16HM13-0404S,14HR08-0654S
971,14HM08-0504S,16HM13-0404S,14HM08-0504S
972,14HM08-0504S,16HM13-0404S,14HM11-0404S
973,14HM08-0504S,16HM13-0404S,16HM09-1204S
974,14HM08-0504S,16HM13-0404S,16HM10-0604S
975,14HM08-0504S,16HM13-0404S,16HM13-0404S
976,14HM08-0504S,16HM13-0404S,16HM17-0304S
977,14HM08-0504S,16HM13-0404S,17HM08-1204S
978,14HM08-0504S,16HM13-0404S,17HM13-0316D
979,14HM08-0504S,16HM13-0404S,17HM13-0316S
980,14HM08-0504S,16HM13-0404S,17HM15-0406S
981,14HM08-0504S,16HM13-0404S,17HM15-0904S
982,14HM08-0504S,16HM13-0404S,17HM15-1004S
983,14HM08-0504S,16HM13-0404S,17ME15-1504S
984,14HM08-0504S,16HM13-0404S,17HM19-0406D
985,14HM08-0504S,16HM13-0404S,17HM19-1684S
986,14HM08-0504S,16HM13-0404S,17HM19-1684D
987,14HM08-0504S,16HM13-0404S,17HM19-2004S
988,14HM08-0504S,16HM13-0404S,17HM19-2004S1
989,14HM08-0504S,16HM13-0404S,23HM22-2804S
990,14HM08-0504S,16HM17-0304S,14HR08-0654S
991,14HM08-0504S,16HM17-0304S,14HM11-0404S
992,14HM08-0504S,16HM17-0304S,16HM09-1204S
993,14HM08-0504S,16HM17-0304S,16HM10-0604S
994,14HM08-0504S,16HM17-0304S,16HM13-0404S
995,14HM08-0504S,16HM17-0304S,16HM17-0304S
996,14HM08-0504S,16HM17-0304S,17HM08-1204S
997,14HM08-0504S,16HM17-0304S,17HM13-0316D
998,14HM08-0504S,16HM17-0304S,17HM13-0316S
999,14HM08-0504S,16HM17-0304S,17HM15-0406S
1000,14HM08-0504S,16HM17-0304S,17HM15-0904S
1001,14HM08-0504S,16HM17-0304S,17HM15-1004S
1002,14HM08-0504S,16HM17-0304S,17ME15-1504S
1003,14HM08-0504S,16HM17-0304S,17HM19-0406D
1004,14HM08-0504S,16HM17-0304S,17HM19-1684S
1005,14HM08-0504S,16HM17-0304S,17HM19-1684D
1006,14HM08-0504S,16HM17-0304S,17HM19-2004S
1007,14HM08-0504S,16HM17-0304S,17HM19-2004S1
1008,14HM08-0504S,16HM17-0304S,23HM22-2804S
1009,14HM08-0504S,17HM08-1204S,14HR05-0504S
1010,14HM08-0504S,17HM08-1204S,14HR08-0654S
1011,14HM08-0504S,17HM08-1204S,14HM08-0504S
1012,14HM08-0504S,17HM08-1204S,14HM11-0404S
1013,14HM08-0504S,17HM08-1204S,16HM09-1204S
1014,14HM08-0504S,17HM08-1204S,16HM10-0604S
1015,14HM08-0504S,17HM08-1204S,16HM13-0404S
1016,14HM08-0504S,17HM08-1204S,16HM17-0304S
1017,14HM08-0504S,17HM08-1204S,17HM08-1204S
1018,14HM08-0504S,17HM08-1204S,17HM13-0316D
1019,14HM08-0504S,17HM08-1204S,17HM13-0316S
1020,14HM08-0504S,17HM08-1204S,17HM15-0406S
1021,14HM08-0504S,17HM08-1204S,17HM15-0904S
1022,14HM08-0504S,17HM08-1204S,17HM15-1004S
1023,14HM08-0504S,17HM08-1204S,17ME15-1504S
1024,14HM08-0504S,17HM08-1204S,17HM19-0406D
1025,14HM08-0504S,17HM08-1204S,17HM19-1684S
1026,14HM08-0504S,17HM08-1204S,17HM19-1684D
1027,14HM08-0504S,17HM08-1204S,17HM19-2004S
1028,14HM08-0504S,17HM08-1204S,17HM19-2004S1
1029,14HM08-0504S,17HM08-1204S,23HM22-2804S
1030,14HM08-0504S,17HM13-0316D,14HR08-0654S
1031,14HM08-0504S,17HM13-0316D,14HM11-0404S
1032,14HM08-0504S,17HM13-0316D,16HM09-1204S
1033,14HM08-0504S,17HM13-0316D,16HM10-0604S
1034,14HM08-0504S,17HM13-0316D,16HM13-0404S
1035,14HM08-0504S,17HM13-0316D,16HM17-0304S
1036,14HM08-0504S,17HM13-0316D,17HM08-1204S
1037,14HM08-0504S,17HM13-0316D,17HM13-0316D
1038,14HM08-0504S,17HM13-0316D,17HM13-0316S
1039,14HM08-0504S,17HM13-0316D,17HM15-0406S
1040,14HM08-0504S,17HM13-0316D,17HM15-0904S
1041,14HM08-0504S,17HM13-0316D,17HM15-1004S
1042,14HM08-0504S,17HM13-0316D,17ME15-1504S
1043,14HM08-0504S,17HM13-0316D,17HM19-0406D
1044,14HM08-0504S,17HM13-0316D,17HM19-1684S
1045,14HM08-0504S,17HM13-0316D,17HM19-1684D
1046,14HM08-0504S,17HM13-0316D,17HM19-2004S
1047,14HM08-0504S,17HM13-0316D,17HM19-2004S1
1048,14HM08-0504S,17HM13-0316D,23HM22-2804S
1049,14HM08-0504S,17HM13-0316S,14HR08-0654S
1050,14HM08-0504S,17HM13-0316S,14HM11-0404S
1051,14HM08-0504S,17HM13-0316S,16HM09-1204S
1052,14HM08-0504S,17HM13-0316S,16HM10-0604S
1053,14HM08-0504S,17HM13-0316S,16HM13-0404S
1054,14HM08-0504S,17HM13-0316S,16HM17-0304S
1055,14HM08-0504S,17HM13-0316S,17HM08-1204S
1056,14HM08-0504S,17HM13-0316S,17HM13-0316D
1057,14HM08-0504S,17HM13-0316S,17HM13-0316S
1058,14HM08-0504S,17HM13-0316S,17HM15-0406S
1059,14HM08-0504S,17HM13-0316S,17HM15-0904S
1060,14HM08-0504S,17HM13-0316S,17HM15-1004S
1061,14HM08-0504S,17HM13-0316S,17ME15-1504S
1062,14HM08-0504S,17HM13-0316S,17HM19-0406D
1063,14HM08-0504S,17HM13-0316S,17HM19-1684S
1064,14HM08-0504S,17HM13-0316S,17HM19-1684D
1065,14HM08-0504S,17HM13-0316S,17HM19-2004S
1066,14HM08-0504S,17HM13-0316S,17HM19-2004S1
1067,14HM08-0504S,17HM13-0316S,23HM22-2804S
1068,14HM08-0504S,17HM15-0406S,14HR08-0654S
1069,14HM08-0504S,17HM15-0406S,14HM11-0404S
1070,14HM08-0504S,17HM15-0406S,16HM09-1204S
1071,14HM08-0504S,17HM15-0406S,16HM10-0604S
1072,14HM08-0504S,17HM15-0406S,16HM13-0404S
1073,14HM08-0504S,17HM15-0406S,16HM17-0304S
1074,14HM08-0504S,17HM15-0406S,17HM08-1204S
1075,14HM08-0504S,17HM15-0406S,17HM13-0316D
1076,14HM08-0504S,17HM15-0406S,17HM13-0316S
1077,14HM08-0504S,17HM15-0406S,17HM15-0406S
1078,14HM08-0504S,17HM15-0406S,17HM15-0904S
1079,14HM08-0504S,17HM15-0406S,17HM15-1004S
1080,14HM08-0504S,17HM15-0406S,17ME15-1504S
1081,14HM08-0504S,17HM15-0406S,17HM19-0406D
1082,14HM08-0504S,17HM15-0406S,17HM19-1684S
1083,14HM08-0504S,17HM15-0406S,17HM19-1684D
1084,14HM08-0504S,17HM15-0406S,17HM19-2004S
1085,14HM08-0504S,17HM15-0406S,17HM19-2004S1
1086,14HM08-0504S,17HM15-0406S,23HM22-2804S
1087,14HM08-0504S,17HM15-0904S,14HR08-0654S
1088,14HM08-0504S,17HM15-0904S,14HM11-0404S
1089,14HM08-0504S,17HM15-0904S,16HM09-1204S
1090,14HM08-0504S,17HM15-0904S,16HM10-0604S
1091,14HM08-0504S,17HM15-0904S,16HM13-0404S
1092,14HM08-0504S,17HM15-0904S,16HM17-0304S
1093,14HM08-0504S,17HM15-0904S,17HM08-1204S
1094,14HM08-0504S,17HM15-0904S,17HM13-0316D
1095,14HM08-0504S,17HM15-0904S,17HM13-0316S
1096,14HM08-0504S,17HM15-0904S,17HM15-0406S
1097,14HM08-0504S,17HM15-0904S,17HM15-0904S
1098,14HM08-0504S,17HM15-0904S,17HM15-1004S
1099,14HM08-0504S,17HM15-0904S,17ME15-1504S
1100,14HM08-0504S,17HM15-0904S,17HM19-0406D
1101,14HM08-0504S,17HM15-0904S,17HM19-1684S
1102,14HM08-0504S,17HM15-0904S,17HM19-1684D
1103,14HM08-0504S,17HM15-0904S,17HM19-2004S
1104,14HM08-0504S,17HM15-0904S,17HM19-2004S1
1105,14HM08-0504S,17HM15-0904S,23HM22-2804S
1106,14HM08-0504S,17HM15-1004S,14HR08-0654S
1107,14HM08-0504S,17HM15-1004S,14HM11-0404S
1108,14HM08-0504S,17HM15-1004S,16HM09-1204S
1109,14HM08-0504S,17HM15-1004S,16HM10-0604S
1110,14HM08-0504S,17HM15-1004S,16HM13-0404S
1111,14HM08-0504S,17HM15-1004S,16HM17-0304S
1112,14HM08-0504S,17HM15-1004S,17HM08-1204S
1113,14HM08-0504S,17HM15-1004S,17HM13-0316D
1114,14HM08-0504S,17HM15-1004S,17HM13-0316S
1115,14HM08-0504S,17HM15-1004S,17HM15-0406S
1116,14HM08-0504S,17HM15-1004S,17HM15-0904S
1117,14HM08-0504S,17HM15-1004S,17HM15-1004S
1118,14HM08-0504S,17HM15-1004S,17ME15-1504S
1119,14HM08-0504S,17HM15-1004S,17HM19-0406D
1120,14HM08-0504S,17HM15-1004S,17HM19-1684S
1121,14HM08-0504S,17HM15-1004S,17HM19-1684D
1122,14HM08-0504S,17HM15-1004S,17HM19-2004S
1123,14HM08-0504S,17HM15-1004S,17HM19-2004S1
1124,14HM08-0504S,17HM15-1004S,23HM22-2804S
1125,14HM08-0504S,17ME15-1504S,14HR08-0654S
1126,14HM08-0504S,17ME15-1504S,14HM11-0404S
1127,14HM08-0504S,17ME15-1504S,16HM09-1204S
1128,14HM08-0504S,17ME15-1504S,16HM10-0604S
1129,14HM08-0504S,17ME15-1504S,16HM13-0404S
1130,14HM08-0504S,17ME15-1504S,16HM17-0304S
1131,14HM08-0504S,17ME15-1504S,17HM08-1204S
1132,14HM08-0504S,17ME15-1504S,17HM13-0316D
1133,14HM08-0504S,17ME15-1504S,17HM13-0316S
1134,14HM08-0504S,17ME15-1504S,17HM15-0406S
1135,14HM08-0504S,17ME15-1504S,17HM15-0904S
1136,14HM08-0504S,17ME15-1504S,17HM15-1004S
1137,14HM08-0504S,17ME15-1504S,17ME15-1504S
1138,14HM08-0504S,17ME15-1504S,17HM19-0406D
1139,14HM08-0504S,17ME15-1504S,17HM19-1684S
1140,14HM08-0504S,17ME15-1504S,17HM19-1684D
1141,14HM08-0504S,17ME15-1504S,17HM19-2004S
1142,14HM08-0504S,17ME15-1504S,17HM19-2004S1
1143,14HM08-0504S,17ME15-1504S,23HM22-2804S
1144,14HM08-0504S,17HM19-0406D,14HR08-0654S
1145,14HM08-0504S,17HM19-0406D,14HM11-0404S
1146,14HM08-0504S,17HM19-0406D,16HM09-1204S
1147,14HM08-0504S,17HM19-0406D,16HM10-0604S
1148,14HM08-0504S,17HM19-0406D,16HM13-0404S
1149,14HM08-0504S,17HM19-0406D,16HM17-0304S
1150,14HM08-0504S,17HM19-0406D,17HM08-1204S
1151,14HM08-0504S,17HM19-0406D,17HM13-0316D
1152,14HM08-0504S,17HM19-0406D,17HM13-0316S
1153,14HM08-0504S,17HM19-0406D,17HM15-0406S
1154,14HM08-0504S,17HM19-0406D,17HM15-0904S
1155,14HM08-0504S,17HM19-0406D,17HM15-1004S
1156,14HM08-0504S,17HM19-0406D,17ME15-1504S
1157,14HM08-0504S,17HM19-0406D,17HM19-0406D
1158,14HM08-0504S,17HM19-0406D,17HM19-1684S
1159,14HM08-0504S,17HM19-0406D,17HM19-1684D
1160,14HM08-0504S,17HM19-0406D,17HM19-2004S
1161,14HM08-0504S,17HM19-0406D,17HM19-2004S1
1162,14HM08-0504S,17HM19-0406D,23HM22-2804S
1163,14HM08-0504S,17HM19-1684S,14HR08-0654S
1164,14HM08-0504S,17HM19-1684S,14HM11-0404S
1165,14HM08-0504S,17HM19-1684S,16HM09-1204S
1166,14HM08-0504S,17HM19-1684S,16HM10-0604S
1167,14HM08-0504S,17HM19-1684S,16HM13-0404S
1168,14HM08-0504S,17HM19-1684S,16HM17-0304S
1169,14HM08-0504S,17HM19-1684S,17HM08-1204S
1170,14HM08-0504S,17HM19-1684S,17HM13-0316D
1171,14HM08-0504S,17HM19-1684S,17HM13-0316S
1172,14HM08-0504S,17HM19-1684S,17HM15-0406S
1173,14HM08-0504S,17HM19-1684S,17HM15-0904S
1174,14HM08-0504S,17HM19-1684S,17HM15-1004S
1175,14HM08-0504S,17HM19-1684S,17ME15-1504S
1176,14HM08-0504S,17HM19-1684S,17HM19-0406D
1177,14HM08-0504S,17HM19-1684S,17HM19-1684S
1178,14HM08-0504S,17HM19-1684S,17HM19-1684D
1179,14HM08-0504S,17HM19-1684S,17HM19-2004S
1180,14HM08-0504S,17HM19-1684S,17HM19-2004S1
1181,14HM08-0504S,17HM19-1684S,23HM22-2804S
1182,14HM08-0504S,17HM19-1684D,14HR08-0654S
1183,14HM08-0504S,17HM19-1684D,14HM11-0404S
1184,14HM08-0504S,17HM19-1684D,16HM09-1204S
1185,14HM08-0504S,17HM19-1684D,16HM10-0604S
1186,14HM08-0504S,17HM19-1684D,16HM13-0404S
1187,14HM08-0504S,17HM19-1684D,16HM17-0304S
1188,14HM08-0504S,17HM19-1684D,17HM08-1204S
1189,14HM08-0504S,17HM19-1684D,17HM13-0316D
1190,14HM08-0504S,17HM19-1684D,17HM13-0316S
1191,14HM08-0504S,17HM19-1684D,17HM15-0406S
1192,14HM08-0504S,17HM19-1684D,17HM15-0904S
1193,14HM08-0504S,17HM19-1684D,17HM15-1004S
1194,14HM08-0504S,17HM19-1684D,17ME15-1504S
1195,14HM08-0504S,17HM19-1684D,17HM19-0406D
1196,14HM08-0504S,17HM19-1684D,17HM19-1684S
1197,14HM08-0504S,17HM19-1684D,17HM19-1684D
1198,14HM08-0504S,17HM19-1684D,17HM19-2004S
1199,14HM08-0504S,17HM19-1684D,17HM19-2004S1
1200,14HM08-0504S,17HM19-1684D,23HM22-2804S
1201,14HM08-0504S,17HM19-2004S,14HM11-0404S
1202,14HM08-0504S,17HM19-2004S,16HM09-1204S
1203,14HM08-0504S,17HM19-2004S,16HM10-0604S
1204,14HM08-0504S,17HM19-2004S,16HM13-0404S
1205,14HM08-0504S,17HM19-2004S,16HM17-0304S
1206,14HM08-0504S,17HM19-2004S,17HM08-1204S
1207,14HM08-0504S,17HM19-2004S,17HM13-0316D
1208,14HM08-0504S,17HM19-2004S,17HM13-0316S
1209,14HM08-0504S,17HM19-2004S,17HM15-0406S
1210,14HM08-0504S,17HM19-2004S,17HM15-0904S
1211,14HM08-0504S,17HM19-2004S,17HM15-1004S
1212,14HM08-0504S,17HM19-2004S,17ME15-1504S
1213,14HM08-0504S,17HM19-2004S,17HM19-0406D
1214,14HM08-0504S,17HM19-2004S,17HM19-1684S
1215,14HM08-0504S,17HM19-2004S,17HM19-1684D
1216,14HM08-0504S,17HM19-2004S,17HM19-2004S
1217,14HM08-0504S,17HM19-2004S,17HM19-2004S1
1218,14HM08-0504S,17HM19-2004S,23HM22-2804S
1219,14HM08-0504S,17HM19-2004S1,14HM11-0404S
1220,14HM08-0504S,17HM19-2004S1,16HM09-1204S
1221,14HM08-0504S,17HM19-2004S1,16HM10-0604S
1222,14HM08-0504S,17HM19-2004S1,16HM13-0404S
1223,14HM08-0504S,17HM19-2004S1,16HM17-0304S
1224,14HM08-0504S,17HM19-2004S1,17HM08-1204S
1225,14HM08-0504S,17HM19-2004S1,17HM13-0316D
1226,14HM08-0504S,17HM19-2004S1,17HM13-0316S
1227,14HM08-0504S,17HM19-2004S1,17HM15-0406S
1228,14HM08-0504S,17HM19-2004S1,17HM15-0904S
1229,14HM08-0504S,17HM19-2004S1,17HM15-1004S
1230,14HM08-0504S,17HM19-2004S1,17ME15-1504S
1231,14HM08-0504S,17HM19-2004S1,17HM19-0406D
1232,14HM08-0504S,17HM19-2004S1,17HM19-1684S
1233,14HM08-0504S,17HM19-2004S1,17HM19-1684D
1234,14HM08-0504S,17HM19-2004S1,17HM19-2004S
1235,14HM08-0504S,17HM19-2004S1,17HM19-2004S1
1236,14HM08-0504S,17HM19-2004S1,23HM22-2804S
1237,14HM08-0504S,23HM22-2804S,16HM10-0604S
1238,14HM08-0504S,23HM22-2804S,16HM13-0404S
1239,14HM08-0504S,23HM22-2804S,16HM17-0304S
1240,14HM08-0504S,23HM22-2804S,17HM13-0316D
1241,14HM08-0504S,23HM22-2804S,17HM13-0316S
1242,14HM08-0504S,23HM22-2804S,17HM15-0406S
1243,14HM08-0504S,23HM22-2804S,17HM15-0904S
1244,14HM08-0504S,23HM22-2804S,17HM15-1004S
1245,14HM08-0504S,23HM22-2804S,17ME15-1504S
1246,14HM08-0504S,23HM22-2804S,17HM19-0406D
1247,14HM08-0504S,23HM22-2804S,17HM19-1684S
1248,14HM08-0504S,23HM22-2804S,17HM19-1684D
1249,14HM08-0504S,23HM22-2804S,17HM19-2004S
1250,14HM08-0504S,23HM22-2804S,17HM19-2004S1
1251,14HM08-0504S,23HM22-2804S,23HM22-2804S
1252,14HM11-0404S,14HR05-0504S,14HR08-0654S
1253,14HM11-0404S,14HR05-0504S,14HM11-0404S
1254,14HM11-0404S,14HR05-0504S,16HM09-1204S
1255,14HM11-0404S,14HR05-0504S,16HM10-0604S
1256,14HM11-0404S,14HR05-0504S,16HM13-0404S
1257,14HM11-0404S,14HR05-0504S,16HM17-0304S
1258,14HM11-0404S,14HR05-0504S,17HM08-1204S
1259,14HM11-0404S,14HR05-0504S,17HM13-0316D
1260,14HM11-0404S,14HR05-0504S,17HM13-0316S
1261,14HM11-0404S,14HR05-0504S,17HM15-0406S
1262,14HM11-0404S,14HR05-0504S,17HM15-0904S
1263,14HM11-0404S,14HR05-0504S,17HM15-1004S
1264,14HM11-0404S,14HR05-0504S,17ME15-1504S
1265,14HM11-0404S,14HR05-0504S,17HM19-0406D
1266,14HM11-0404S,14HR05-0504S,17HM19-1684S
1267,14HM11-0404S,14HR05-0504S,17HM19-1684D
1268,14HM11-0404S,14HR05-0504S,17HM19-2004S
1269,14HM11-0404S,14HR05-0504S,17HM19-2004S1
1270,14HM11-0404S,14HR05-0504S,23HM22-2804S
1271,14HM11-0404S,14HR08-0654S,14HM11-0404S
1272,14HM11-0404S,14HR08-0654S,16HM09-1204S
1273,14HM11-0404S,14HR08-0654S,16HM10-0604S
1274,14HM11-0404S,14HR08-0654S,16HM13-0404S
1275,14HM11-0404S,14HR08-0654S,16HM17-0304S
1276,14HM11-0404S,14HR08-0654S,17HM08-1204S
1277,14HM11-0404S,14HR08-0654S,17HM13-0316D
1278,14HM11-0404S,14HR08-0654S,17HM13-0316S
1279,14HM11-0404S,14HR08-0654S,17HM15-0406S
1280,14HM11-0404S,14HR08-0654S,17HM15-0904S
1281,14HM11-0404S,14HR08-0654S,17HM15-1004S
1282,14HM11-0404S,14HR08-0654S,17ME15-1504S
1283,14HM11-0404S,14HR08-0654S,17HM19-0406D
1284,14HM11-0404S,14HR08-0654S,17HM19-1684S
1285,14HM11-0404S,14HR08-0654S,17HM19-1684D
1286,14HM11-0404S,14HR08-0654S,17HM19-2004S
1287,14HM11-0404S,14HR08-0654S,17HM19-2004S1
1288,14HM11-0404S,14HR08-0654S,23HM22-2804S
1289,14HM11-0404S,14HM08-0504S,14HM11-0404S
1290,14HM11-0404S,14HM08-0504S,16HM09-1204S
1291,14HM11-0404S,14HM08-0504S,16HM10-0604S
1292,14HM11-0404S,14HM08-0504S,16HM13-0404S
1293,14HM11-0404S,14HM08-0504S,16HM17-0304S
1294,14HM11-0404S,14HM08-0504S,17HM08-1204S
1295,14HM11-0404S,14HM08-0504S,17HM13-0316D
1296,14HM11-0404S,14HM08-0504S,17HM13-0316S
1297,14HM11-0404S,14HM08-0504S,17HM15-0406S
1298,14HM11-0404S,14HM08-0504S,17HM15-0904S
1299,14HM11-0404S,14HM08-0504S,17HM15-1004S
1300,14HM11-0404S,14HM08-0504S,17ME15-1504S
1301,14HM11-0404S,14HM08-0504S,17HM19-0406D
1302,14HM11-0404S,14HM08-0504S,17HM19-1684S
1303,14HM11-0404S,14HM08-0504S,17HM19-1684D
1304,14HM11-0404S,14HM08-0504S,17HM19-2004S
1305,14HM11-0404S,14HM08-0504S,17HM19-2004S1
1306,14HM11-0404S,14HM08-0504S,23HM22-2804S
1307,14HM11-0404S,14HM11-0404S,14HM11-0404S
1308,14HM11-0404S,14HM11-0404S,16HM09-1204S
1309,14HM11-0404S,14HM11-0404S,16HM10-0604S
1310,14HM11-0404S,14HM11-0404S,16HM13-0404S
1311,14HM11-0404S,14HM11-0404S,16HM17-0304S
1312,14HM11-0404S,14HM11-0404S,17HM08-1204S
1313,14HM11-0404S,14HM11-0404S,17HM13-0316D
1314,14HM11-0404S,14HM11-0404S,17HM13-0316S
1315,14HM11-0404S,14HM11-0404S,17HM15-0406S
1316,14HM11-0404S,14HM11-0404S,17HM15-0904S
1317,14HM11-0404S,14HM11-0404S,17HM15-1004S
1318,14HM11-0404S,14HM11-0404S,17ME15-1504S
1319,14HM11-0404S,14HM11-0404S,17HM19-0406D
1320,14HM11-0404S,14HM11-0404S,17HM19-1684S
1321,14HM11-0404S,14HM11-0404S,17HM19-1684D
1322,14HM11-0404S,14HM11-0404S,17HM19-2004S
1323,14HM11-0404S,14HM11-0404S,17HM19-2004S1
1324,14HM11-0404S,14HM11-0404S,23HM22-2804S
1325,14HM11-0404S,16HM09-1204S,14HM11-0404S
1326,14HM11-0404S,16HM09-1204S,16HM09-1204S
1327,14HM11-0404S,16HM09-1204S,16HM10-0604S
1328,14HM11-0404S,16HM09-1204S,16HM13-0404S
1329,14HM11-0404S,16HM09-1204S,16HM17-0304S
1330,14HM11-0404S,16HM09-1204S,17HM08-1204S
1331,14HM11-0404S,16HM09-1204S,17HM13-0316D
1332,14HM11-0404S,16HM09-1204S,17HM13-0316S
1333,14HM11-0404S,16HM09-1204S,17HM15-0406S
1334,14HM11-0404S,16HM09-1204S,17HM15-0904S
1335,14HM11-0404S,16HM09-1204S,17HM15-1004S
1336,14HM11-0404S,16HM09-1204S,17ME15-1504S
1337,14HM11-0404S,16HM09-1204S,17HM19-0406D
1338,14HM11-0404S,16HM09-1204S,17HM19-1684S
1339,14HM11-0404S,16HM09-1204S,17HM19-1684D
1340,14HM11-0404S,16HM09-1204S,17HM19-2004S
1341,14HM11-0404S,16HM09-1204S,17HM19-2004S1
1342,14HM11-0404S,16HM09-1204S,23HM22-2804S
1343,14HM11-0404S,16HM10-0604S,14HM11-0404S
1344,14HM11-0404S,16HM10-0604S,16HM09-1204S
1345,14HM11-0404S,16HM10-0604S,16HM10-0604S
1346,14HM11-0404S,16HM10-0604S,16HM13-0404S
1347,14HM11-0404S,16HM10-0604S,16HM17-0304S
1348,14HM11-0404S,16HM10-0604S,17HM08-1204S
1349,14HM11-0404S,16HM10-0604S,17HM13-0316D
1350,14HM11-0404S,16HM10-0604S,17HM13-0316S
1351,14HM11-0404S,16HM10-0604S,17HM15-0406S
1352,14HM11-0404S,16HM10-0604S,17HM15-0904S
1353,14HM11-0404S,16HM10-0604S,17HM15-1004S
1354,14HM11-0404S,16HM10-0604S,17ME15-1504S
1355,14HM11-0404S,16HM10-0604S,17HM19-0406D
1356,14HM11-0404S,16HM10-0604S,17HM19-1684S
1357,14HM11-0404S,16HM10-0604S,17HM19-1684D
1358,14HM11-0404S,16HM10-0604S,17HM19-2004S
1359,14HM11-0404S,16HM10-0604S,17HM19-2004S1
1360,14HM11-0404S,16HM10-0604S,23HM22-2804S
1361,14HM11-0404S,16HM13-0404S,16HM10-0604S
1362,14HM11-0404S,16HM13-0404S,16HM13-0404S
1363,14HM11-0404S,16HM13-0404S,16HM17-0304S
1364,14HM11-0404S,16HM13-0404S,17HM13-0316D
1365,14HM11-0404S,16HM13-0404S,17HM13-0316S
1366,14HM11-0404S,16HM13-0404S,17HM15-0406S
1367,14HM11-0404S,16HM13-0404S,17HM15-0904S
1368,14HM11-0404S,16HM13-0404S,17HM15-1004S
1369,14HM11-0404S,16HM13-0404S,17ME15-1504S
1370,14HM11-0404S,16HM13-0404S,17HM19-0406D
1371,14HM11-0404S,16HM13-0404S,17HM19-1684S
1372,14HM11-0404S,16HM13-0404S,17HM19-1684D
1373,14HM11-0404S,16HM13-0404S,17HM19-2004S
1374,14HM11-0404S,16HM13-0404S,17HM19-2004S1
1375,14HM11-0404S,16HM13-0404S,23HM22-2804S
1376,14HM11-0404S,16HM17-0304S,16HM10-0604S
1377,14HM11-0404S,16HM17-0304S,16HM13-0404S
1378,14HM11-0404S,16HM17-0304S,16HM17-0304S
1379,14HM11-0404S,16HM17-0304S,17HM13-0316D
1380,14HM11-0404S,16HM17-0304S,17HM13-0316S
1381,14HM11-0404S,16HM17-0304S,17HM15-0406S
1382,14HM11-0404S,16HM17-0304S,17HM15-0904S
1383,14HM11-0404S,16HM17-0304S,17HM15-1004S
1384,14HM11-0404S,16HM17-0304S,17ME15-1504S
1385,14HM11-0404S,16HM17-0304S,17HM19-0406D
1386,14HM11-0404S,16HM17-0304S,17HM19-1684S
1387,14HM11-0404S,16HM17-0304S,17HM19-1684D
1388,14HM11-0404S,16HM17-0304S,17HM19-2004S
1389,14HM11-0404S,16HM17-0304S,17HM19-2004S1
1390,14HM11-0404S,16HM17-0304S,23HM22-2804S
1391,14HM11-0404S,17HM08-1204S,14HM11-0404S
1392,14HM11-0404S,17HM08-1204S,16HM09-1204S
1393,14HM11-0404S,17HM08-1204S,16HM10-0604S
1394,14HM11-0404S,17HM08-1204S,16HM13-0404S
1395,14HM11-0404S,17HM08-1204S,16HM17-0304S
1396,14HM11-0404S,17HM08-1204S,17HM08-1204S
1397,14HM11-0404S,17HM08-1204S,17HM13-0316D
1398,14HM11-0404S,17HM08-1204S,17HM13-0316S
1399,14HM11-0404S,17HM08-1204S,17HM15-0406S
1400,14HM11-0404S,17HM08-1204S,17HM15-0904S
1401,14HM11-0404S,17HM08-1204S,17HM15-1004S
1402,14HM11-0404S,17HM08-1204S,17ME15-1504S
1403,14HM11-0404S,17HM08-1204S,17HM19-0406D
1404,14HM11-0404S,17HM08-1204S,17HM19-1684S
1405,14HM11-0404S,17HM08-1204S,17HM19-1684D
1406,14HM11-0404S,17HM08-1204S,17HM19-2004S
1407,14HM11-0404S,17HM08-1204S,17HM19-2004S1
1408,14HM11-0404S,17HM08-1204S,23HM22-2804S
1409,14HM11-0404S,17HM13-0316D,16HM10-0604S
1410,14HM11-0404S,17HM13-0316D,16HM13-0404S
1411,14HM11-0404S,17HM13-0316D,16HM17-0304S
1412,14HM11-0404S,17HM13-0316D,17HM13-0316D
1413,14HM11-0404S,17HM13-0316D,17HM13-0316S
1414,14HM11-0404S,17HM13-0316D,17HM15-0406S
1415,14HM11-0404S,17HM13-0316D,17HM15-0904S
1416,14HM11-0404S,17HM13-0316D,17HM15-1004S
1417,14HM11-0404S,17HM13-0316D,17ME15-1504S
1418,14HM11-0404S,17HM13-0316D,17HM19-0406D
1419,14HM11-0404S,17HM13-0316D,17HM19-1684S
1420,14HM11-0404S,17HM13-0316D,17HM19-1684D
1421,14HM11-0404S,17HM13-0316D,17HM19-2004S
1422,14HM11-0404S,17HM13-0316D,17HM19-2004S1
1423,14HM11-0404S,17HM13-0316D,23HM22-2804S
1424,14HM11-0404S,17HM13-0316S,16HM10-0604S
1425,14HM11-0404S,17HM13-0316S,16HM13-0404S
1426,14HM11-0404S,17HM13-0316S,16HM17-0304S
1427,14HM11-0404S,17HM13-0316S,17HM13-0316D
1428,14HM11-0404S,17HM13-0316S,17HM13-0316S
1429,14HM11-0404S,17HM13-0316S,17HM15-0406S
1430,14HM11-0404S,17HM13-0316S,17HM15-0904S
1431,14HM11-0404S,17HM13-0316S,17HM15-1004S
1432,14HM11-0404S,17HM13-0316S,17ME15-1504S
1433,14HM11-0404S,17HM13-0316S,17HM19-0406D
1434,14HM11-0404S,17HM13-0316S,17HM19-1684S
1435,14HM11-0404S,17HM13-0316S,17HM19-1684D
1436,14HM11-0404S,17HM13-0316S,17HM19-2004S
1437,14HM11-0404S,17HM13-0316S,17HM19-2004S1
1438,14HM11-0404S,17HM13-0316S,23HM22-2804S
1439,14HM11-0404S,17HM15-0406S,16HM10-0604S
1440,14HM11-0404S,17HM15-0406S,16HM13-0404S
1441,14HM11-0404S,17HM15-0406S,16HM17-0304S
1442,14HM11-0404S,17HM15-0406S,17HM13-0316D
1443,14HM11-0404S,17HM15-0406S,17HM13-0316S
1444,14HM11-0404S,17HM15-0406S,17HM15-0406S
1445,14HM11-0404S,17HM15-0406S,17HM15-0904S
1446,14HM11-0404S,17HM15-0406S,17HM15-1004S
1447,14HM11-0404S,17HM15-0406S,17ME15-1504S
1448,14HM11-0404S,17HM15-0406S,17HM19-0406D
1449,14HM11-0404S,17HM15-0406S,17HM19-1684S
1450,14HM11-0404S,17HM15-0406S,17HM19-1684D
1451,14HM11-0404S,17HM15-0406S,17HM19-2004S
1452,14HM11-0404S,17HM15-0406S,17HM19-2004S1
1453,14HM11-0404S,17HM15-0406S,23HM22-2804S
1454,14HM11-0404S,17HM15-0904S,16HM10-0604S
1455,14HM11-0404S,17HM15-0904S,16HM13-0404S
1456,14HM11-0404S,17HM15-0904S,16HM17-0304S
1457,14HM11-0404S,17HM15-0904S,17HM13-0316D
1458,14HM11-0404S,17HM15-0904S,17HM13-0316S
1459,14HM11-0404S,17HM15-0904S,17HM15-0406S
1460,14HM11-0404S,17HM15-0904S,17HM15-0904S
1461,14HM11-0404S,17HM15-0904S,17HM15-1004S
1462,14HM11-0404S,17HM15-0904S,17ME15-1504S
1463,14HM11-0404S,17HM15-0904S,17HM19-0406D
1464,14HM11-0404S,17HM15-0904S,17HM19-1684S
1465,14HM11-0404S,17HM15-0904S,17HM19-1684D
1466,14HM11-0404S,17HM15-0904S,17HM19-2004S
1467,14HM11-0404S,17HM15-0904S,17HM19-2004S1
1468,14HM11-0404S,17HM15-0904S,23HM22-2804S
1469,14HM11-0404S,17HM15-1004S,16HM13-0404S
1470,14HM11-0404S,17HM15-1004S,16HM17-0304S
1471,14HM11-0404S,17HM15-1004S,17HM13-0316D
1472,14HM11-0404S,17HM15-1004S,17HM13-0316S
1473,14HM11-0404S,17HM15-1004S,17HM15-0406S
1474,14HM11-0404S,17HM15-1004S,17HM15-0904S
1475,14HM11-0404S,17HM15-1004S,17HM15-1004S
1476,14HM11-0404S,17HM15-1004S,17ME15-1504S
1477,14HM11-0404S,17HM15-1004S,17HM19-0406D
1478,14HM11-0404S,17HM15-1004S,17HM19-1684S
1479,14HM11-0404S,17HM15-1004S,17HM19-1684D
1480,14HM11-0404S,17HM15-1004S,17HM19-2004S
1481,14HM11-0404S,17HM15-1004S,17HM19-2004S1
1482,14HM11-0404S,17HM15-1004S,23HM22-2804S
1483,14HM11-0404S,17ME15-1504S,16HM10-0604S
1484,14HM11-0404S,17ME15-1504S,16HM13-0404S
1485,14HM11-0404S,17ME15-1504S,16HM17-0304S
1486,14HM11-0404S,17ME15-1504S,17HM13-0316D
1487,14HM11-0404S,17ME15-1504S,17HM13-0316S
1488,14HM11-0404S,17ME15-1504S,17HM15-0406S
1489,14HM11-0404S,17ME15-1504S,17HM15-0904S
1490,14HM11-0404S,17ME15-1504S,17HM15-1004S
1491,14HM11-0404S,17ME15-1504S,17ME15-1504S
1492,14HM11-0404S,17ME15-1504S,17HM19-0406D
1493,14HM11-0404S,17ME15-1504S,17HM19-1684S
1494,14HM11-0404S,17ME15-1504S,17HM19-1684D
1495,14HM11-0404S,17ME15-1504S,17HM19-2004S
1496,14HM11-0404S,17ME15-1504S,17HM19-2004S1
1497,14HM11-0404S,17ME15-1504S,23HM22-2804S
1498,14HM11-0404S,17HM19-0406D,16HM13-0404S
1499,14HM11-0404S,17HM19-0406D,16HM17-0304S
1500,14HM11-0404S,17HM19-0406D,17HM13-0316D
1501,14HM11-0404S,17HM19-0406D,17HM13-0316S
1502,14HM11-0404S,17HM19-0406D,17HM15-0406S
1503,14HM11-0404S,17HM19-0406D,17HM15-0904S
1504,14HM11-0404S,17HM19-0406D,17HM15-1004S
1505,14HM11-0404S,17HM19-0406D,17ME15-1504S
1506,14HM11-0404S,17HM19-0406D,17HM19-0406D
1507,14HM11-0404S,17HM19-0406D,17HM19-1684S
1508,14HM11-0404S,17HM19-0406D,17HM19-1684D
1509,14HM11-0404S,17HM19-0406D,17HM19-2004S
1510,14HM11-0404S,17HM19-0406D,17HM19-2004S1
1511,14HM11-0404S,17HM19-0406D,23HM22-2804S
1512,14HM11-0404S,17HM19-1684S,16HM13-0404S
1513,14HM11-0404S,17HM19-1684S,16HM17-0304S
1514,14HM11-0404S,17HM19-1684S,17HM13-0316D
1515,14HM11-0404S,17HM19-1684S,17HM13-0316S
1516,14HM11-0404S,17HM19-1684S,17HM15-0406S
1517,14HM11-0404S,17HM19-1684S,17HM15-0904S
1518,14HM11-0404S,17HM19-1684S,17HM15-1004S
1519,14HM11-0404S,17HM19-1684S,17ME15-1504S
1520,14HM11-0404S,17HM19-1684S,17HM19-0406D
1521,14HM11-0404S,17HM19-1684S,17HM19-1684S
1522,14HM11-0404S,17HM19-1684S,17HM19-1684D
1523,14HM11-0404S,17HM19-1684S,17HM19-2004S
1524,14HM11-0404S,17HM19-1684S,17HM19-2004S1
1525,14HM11-0404S,17HM19-1684S,23HM22-2804S
1526,14HM11-0404S,17HM19-1684D,16HM13-0404S
1527,14HM11-0404S,17HM19-1684D,16HM17-0304S
1528,14HM11-0404S,17HM19-1684D,17HM13-0316D
1529,14HM11-0404S,17HM19-1684D,17HM13-0316S
1530,14HM11-0404S,17HM19-1684D,17HM15-0406S
1531,14HM11-0404S,17HM19-1684D,17HM15-0904S
1532,14HM11-0404S,17HM19-1684D,17HM15-1004S
1533,14HM11-0404S,17HM19-1684D,17ME15-1504S
1534,14HM11-0404S,17HM19-1684D,17HM19-0406D
1535,14HM11-0404S,17HM19-1684D,17HM19-1684S
1536,14HM11-0404S,17HM19-1684D,17HM19-1684D
1537,14HM11-0404S,17HM19-1684D,17HM19-2004S
1538,14HM11-0404S,17HM19-1684D,17HM19-2004S1
1539,14HM11-0404S,17HM19-1684D,23HM22-2804S
1540,14HM11-0404S,17HM19-2004S,16HM17-0304S
1541,14HM11-0404S,17HM19-2004S,17HM13-0316D
1542,14HM11-0404S,17HM19-2004S,17HM13-0316S
1543,14HM11-0404S,17HM19-2004S,17HM15-0406S
1544,14HM11-0404S,17HM19-2004S,17HM15-0904S
1545,14HM11-0404S,17HM19-2004S,17HM15-1004S
1546,14HM11-0404S,17HM19-2004S,17ME15-1504S
1547,14HM11-0404S,17HM19-2004S,17HM19-0406D
1548,14HM11-0404S,17HM19-2004S,17HM19-1684S
1549,14HM11-0404S,17HM19-2004S,17HM19-1684D
1550,14HM11-0404S,17HM19-2004S,17HM19-2004S
1551,14HM11-0404S,17HM19-2004S,17HM19-2004S1
1552,14HM11-0404S,17HM19-2004S,23HM22-2804S
1553,14HM11-0404S,17HM19-2004S1,16HM17-0304S
1554,14HM11-0404S,17HM19-2004S1,17HM13-0316D
1555,14HM11-0404S,17HM19-2004S1,17HM13-0316S
1556,14HM11-0404S,17HM19-2004S1,17HM15-0406S
1557,14HM11-0404S,17HM19-2004S1,17HM15-0904S
1558,14HM11-0404S,17HM19-2004S1,17HM15-1004S
1559,14HM11-0404S,17HM19-2004S1,17ME15-1504S
1560,14HM11-0404S,17HM19-2004S1,17HM19-0406D
1561,14HM11-0404S,17HM19-2004S1,17HM19-1684S
1562,14HM11-0404S,17HM19-2004S1,17HM19-1684D
1563,14HM11-0404S,17HM19-2004S1,17HM19-2004S
1564,14HM11-0404S,17HM19-2004S1,17HM19-2004S1
1565,14HM11-0404S,17HM19-2004S1,23HM22-2804S
1566,14HM11-0404S,23HM22-2804S,17HM15-0904S
1567,14HM11-0404S,23HM22-2804S,17HM15-1004S
1568,14HM11-0404S,23HM22-2804S,17HM19-0406D
1569,14HM11-0404S,23HM22-2804S,17HM19-1684S
1570,14HM11-0404S,23HM22-2804S,17HM19-1684D
1571,14HM11-0404S,23HM22-2804S,17HM19-2004S
1572,14HM11-0404S,23HM22-2804S,17HM19-2004S1
1573,14HM11-0404S,23HM22-2804S,23HM22-2804S
